{
  "dokumententyp": "Rahmenlehrplan",
  "beruf": {
    "dokumente_daten": {
      "berufsbezeichnung": "Automobilkaufmann/Automobilkauffrau",
      "berufsbeschreibung": "Automobilkaufmann und Automobilkauffrau sind Fachkräfte, die in der Automobilbranche tätig sind, insbesondere in Autohäusern, bei Fahrzeugimporteuren und Herstellern. Ihre Ausbildung umfasst Kenntnisse über den Fahrzeugvertrieb, die Beschaffung von Teilen, Finanzdienstleistungen und die Organisation von Werkstattprozessen.\n\nZu den typischen Tätigkeiten gehören die Beratung und Betreuung von Kunden, die Planung und Durchführung von Verkaufsprozessen, die Verwaltung von Werkstattaufträgen sowie die Erstellung und Auswertung von Finanzdienstleistungsangeboten. Zudem sind sie für die Erfassung von Beständen und die Durchführung von Jahresabschlüssen zuständig.\n\nDer Beruf erfordert hohe kommunikative Fähigkeiten, ein gutes Verständnis für betriebswirtschaftliche Zusammenhänge sowie Teamarbeit. Automobilkaufleute müssen flexibel auf Marktveränderungen reagieren können und sind oft die Schnittstelle zwischen Kunden, Werkstatt und Verwaltung. Nachhaltigkeit und Kundenorientierung spielen eine zentrale Rolle in ihrem beruflichen Handeln.",
      "lernfelder_ausbildungsteile": {
        "Den Betrieb präsentieren und die betriebliche Zusammenarbeit mitgestalten": {
          "beschreibung": "Den Betrieb präsentieren und die betriebliche Zusammenarbeit mitgestalten",
          "zeitraeume": {
            "1. Ausbildungsjahr": {
              "zeit": {
                "wert": "80",
                "einheit": "Stunden"
              },
              "lernziele": {
                "dok_lz_1": {
                  "text": "Die Stellung von Unternehmen in der Gesamtwirtschaft darstellen",
                  "esco_mappings": [
                    {
                      "kompetenz": "gesetzliche Bestimmungen für Tätigkeiten im Kfz-Einzelhandel",
                      "uri": "http://data.europa.eu/esco/skill/35df8d0d-3cc7-4c7e-a260-094ab1b1604b"
                    },
                    {
                      "kompetenz": "Einhaltung der rechtlichen Bestimmungen sicherstellen",
                      "uri": "http://data.europa.eu/esco/skill/1dae8445-12e5-423a-bb26-824010e299b9"
                    }
                  ]
                },
                "dok_lz_2": {
                  "text": "Den Aufbau und die Geschäftsbereiche des Betriebes erläutern",
                  "esco_mappings": [
                    {
                      "kompetenz": "gesetzliche Bestimmungen für Tätigkeiten im Kfz-Einzelhandel",
                      "uri": "http://data.europa.eu/esco/skill/35df8d0d-3cc7-4c7e-a260-094ab1b1604b"
                    },
                    {
                      "kompetenz": "Einhaltung der rechtlichen Bestimmungen sicherstellen",
                      "uri": "http://data.europa.eu/esco/skill/1dae8445-12e5-423a-bb26-824010e299b9"
                    }
                  ]
                },
                "dok_lz_3": {
                  "text": "Arbeits- und Geschäftsprozesse im Betrieb darstellen",
                  "esco_mappings": [
                    {
                      "kompetenz": "Einhaltung der rechtlichen Bestimmungen sicherstellen",
                      "uri": "http://data.europa.eu/esco/skill/1dae8445-12e5-423a-bb26-824010e299b9"
                    }
                  ]
                },
                "dok_lz_4": {
                  "text": "Die eigene Berufsrolle im Betrieb mitgestalten",
                  "esco_mappings": [
                    {
                      "kompetenz": "Kunden und Kundinnen Orientierung bei der Produktauswahl bieten",
                      "uri": "http://data.europa.eu/esco/skill/2b69525c-731c-4813-99a7-673fa5679d32"
                    },
                    {
                      "kompetenz": "Kundenbedürfnisse feststellen",
                      "uri": "http://data.europa.eu/esco/skill/68698869-c13c-4563-adc7-118b7644f45d"
                    }
                  ]
                },
                "dok_lz_5": {
                  "text": "Betriebliche Arbeitssicherheits- und Unfallverhütungsvorgaben ermitteln",
                  "esco_mappings": [
                    {
                      "kompetenz": "Einhaltung der rechtlichen Bestimmungen sicherstellen",
                      "uri": "http://data.europa.eu/esco/skill/1dae8445-12e5-423a-bb26-824010e299b9"
                    }
                  ]
                },
                "dok_lz_6": {
                  "text": "Aufgaben, Rechte und Pflichten der an der dualen Berufsausbildung beteiligten Personen und Einrichtungen kennen",
                  "esco_mappings": [
                    {
                      "kompetenz": "Einhaltung der rechtlichen Bestimmungen sicherstellen",
                      "uri": "http://data.europa.eu/esco/skill/1dae8445-12e5-423a-bb26-824010e299b9"
                    }
                  ]
                },
                "dok_lz_7": {
                  "text": "Kriterienkataloge zur Gestaltung und Durchführung von Präsentationen erstellen",
                  "esco_mappings": [
                    {
                      "kompetenz": "verschiedene Kommunikationskanäle verwenden",
                      "uri": "http://data.europa.eu/esco/skill/415abd43-e8e5-4643-b5da-5f11307af57a"
                    }
                  ]
                },
                "dok_lz_8": {
                  "text": "Ergebnisse präsentieren und anhand der Kriterien bewerten",
                  "esco_mappings": [
                    {
                      "kompetenz": "verschiedene Kommunikationskanäle verwenden",
                      "uri": "http://data.europa.eu/esco/skill/415abd43-e8e5-4643-b5da-5f11307af57a"
                    }
                  ]
                },
                "dok_lz_9": {
                  "text": "Konstruktiv mit Kritik umgehen",
                  "esco_mappings": [
                    {
                      "kompetenz": "verschiedene Kommunikationskanäle verwenden",
                      "uri": "http://data.europa.eu/esco/skill/415abd43-e8e5-4643-b5da-5f11307af57a"
                    }
                  ]
                },
                "dok_lz_10": {
                  "text": "Die eigene Position im Betrieb reflektieren",
                  "esco_mappings": [
                    {
                      "kompetenz": "Kundenbedürfnisse feststellen",
                      "uri": "http://data.europa.eu/esco/skill/68698869-c13c-4563-adc7-118b7644f45d"
                    }
                  ]
                },
                "dok_lz_11": {
                  "text": "Gesellschaftliche, ökonomische und ökologische Anforderungen an die Berufsrolle respektieren und eigene Wertvorstellungen ableiten",
                  "esco_mappings": [
                    {
                      "kompetenz": "Kunden und Kundinnen Orientierung bei der Produktauswahl bieten",
                      "uri": "http://data.europa.eu/esco/skill/2b69525c-731c-4813-99a7-673fa5679d32"
                    },
                    {
                      "kompetenz": "Kundenbedürfnisse feststellen",
                      "uri": "http://data.europa.eu/esco/skill/68698869-c13c-4563-adc7-118b7644f45d"
                    }
                  ]
                }
              }
            }
          }
        },
        "Bestände und Erfolgsvorgänge erfassen und den Jahresabschluss durchführen": {
          "beschreibung": "Bestände und Erfolgsvorgänge erfassen und den Jahresabschluss durchführen",
          "zeitraeume": {
            "1. Ausbildungsjahr": {
              "zeit": {
                "wert": "80",
                "einheit": "Stunden"
              },
              "lernziele": {
                "dok_lz_1": {
                  "text": "Bestände und Erfolgsvorgänge erfassen und den Jahresabschluss durchführen",
                  "esco_mappings": [
                    {
                      "kompetenz": "Rechenkenntnisse anwenden",
                      "uri": "http://data.europa.eu/esco/skill/5dd01a1e-7ba0-4b7f-a76c-ed811c12bfde"
                    }
                  ]
                },
                "dok_lz_2": {
                  "text": "Grundsätze ordnungsgemäßer Buchführung anwenden",
                  "esco_mappings": [
                    {
                      "kompetenz": "Einhaltung der rechtlichen Bestimmungen sicherstellen",
                      "uri": "http://data.europa.eu/esco/skill/1dae8445-12e5-423a-bb26-824010e299b9"
                    }
                  ]
                },
                "dok_lz_3": {
                  "text": "Inventur planen und durchführen",
                  "esco_mappings": [
                    {
                      "kompetenz": "Rechenkenntnisse anwenden",
                      "uri": "http://data.europa.eu/esco/skill/5dd01a1e-7ba0-4b7f-a76c-ed811c12bfde"
                    }
                  ]
                },
                "dok_lz_4": {
                  "text": "Bilanz und Inventar erstellen",
                  "esco_mappings": [
                    {
                      "kompetenz": "Rechenkenntnisse anwenden",
                      "uri": "http://data.europa.eu/esco/skill/5dd01a1e-7ba0-4b7f-a76c-ed811c12bfde"
                    }
                  ]
                },
                "dok_lz_5": {
                  "text": "Gewinn- und Verlustrechnung anfertigen",
                  "esco_mappings": [
                    {
                      "kompetenz": "Rechenkenntnisse anwenden",
                      "uri": "http://data.europa.eu/esco/skill/5dd01a1e-7ba0-4b7f-a76c-ed811c12bfde"
                    }
                  ]
                }
              }
            },
            "2. Ausbildungsjahr": {
              "zeit": {
                "wert": "80",
                "einheit": "Stunden"
              },
              "lernziele": {
                "dok_lz_1": {
                  "text": "Zahlungseingänge und -ausgänge dokumentieren",
                  "esco_mappings": [
                    {
                      "kompetenz": "Rechenkenntnisse anwenden",
                      "uri": "http://data.europa.eu/esco/skill/5dd01a1e-7ba0-4b7f-a76c-ed811c12bfde"
                    }
                  ]
                },
                "dok_lz_2": {
                  "text": "Kassenbuch führen",
                  "esco_mappings": [
                    {
                      "kompetenz": "Rechenkenntnisse anwenden",
                      "uri": "http://data.europa.eu/esco/skill/5dd01a1e-7ba0-4b7f-a76c-ed811c12bfde"
                    }
                  ]
                },
                "dok_lz_3": {
                  "text": "Buchungen von Bestands- und Erfolgsvorgängen durchführen",
                  "esco_mappings": [
                    {
                      "kompetenz": "Rechenkenntnisse anwenden",
                      "uri": "http://data.europa.eu/esco/skill/5dd01a1e-7ba0-4b7f-a76c-ed811c12bfde"
                    }
                  ]
                }
              }
            },
            "3. Ausbildungsjahr": {
              "zeit": {
                "wert": "80",
                "einheit": "Stunden"
              },
              "lernziele": {
                "dok_lz_1": {
                  "text": "Jahresabschluss vorbereiten und durchführen",
                  "esco_mappings": [
                    {
                      "kompetenz": "Rechenkenntnisse anwenden",
                      "uri": "http://data.europa.eu/esco/skill/5dd01a1e-7ba0-4b7f-a76c-ed811c12bfde"
                    }
                  ]
                },
                "dok_lz_2": {
                  "text": "Buchhaltungsprozesse analysieren und optimieren",
                  "esco_mappings": [
                    {
                      "kompetenz": "Einhaltung der rechtlichen Bestimmungen sicherstellen",
                      "uri": "http://data.europa.eu/esco/skill/1dae8445-12e5-423a-bb26-824010e299b9"
                    }
                  ]
                },
                "dok_lz_3": {
                  "text": "Ergebnisse der Buchhaltung für betriebliche Entscheidungen nutzen",
                  "esco_mappings": [
                    {
                      "kompetenz": "Rechenkenntnisse anwenden",
                      "uri": "http://data.europa.eu/esco/skill/5dd01a1e-7ba0-4b7f-a76c-ed811c12bfde"
                    }
                  ]
                }
              }
            }
          }
        },
        "Teile und Zubehör beschaffen und lagern": {
          "beschreibung": "Teile und Zubehör beschaffen und lagern",
          "zeitraeume": {
            "1. Ausbildungsjahr": {
              "zeit": {
                "wert": "80",
                "einheit": "Stunden"
              },
              "lernziele": {
                "dok_lz_1": {
                  "text": "Teile und Zubehör beschaffen und lagern",
                  "esco_mappings": [
                    {
                      "kompetenz": "Höhe des Lagerbestands überwachen",
                      "uri": "http://data.europa.eu/esco/skill/44f6a65f-6be7-4818-9a66-73908797283f"
                    }
                  ]
                },
                "dok_lz_2": {
                  "text": "Bedarf an Teilen und Zubehör analysieren",
                  "esco_mappings": [
                    {
                      "kompetenz": "Kundenbedürfnisse feststellen",
                      "uri": "http://data.europa.eu/esco/skill/68698869-c13c-4563-adc7-118b7644f45d"
                    }
                  ]
                },
                "dok_lz_3": {
                  "text": "Optimale Bestellmengen und -zeitpunkte bestimmen",
                  "esco_mappings": [
                    {
                      "kompetenz": "Höhe des Lagerbestands überwachen",
                      "uri": "http://data.europa.eu/esco/skill/44f6a65f-6be7-4818-9a66-73908797283f"
                    }
                  ]
                },
                "dok_lz_4": {
                  "text": "Bezugsquellen recherchieren und Anfragen schreiben",
                  "esco_mappings": [
                    {
                      "kompetenz": "Kaufverträge aushandeln",
                      "uri": "http://data.europa.eu/esco/skill/71152876-b629-4a99-b9ea-0f25a0d07e4e"
                    }
                  ]
                },
                "dok_lz_5": {
                  "text": "Eingehende Angebote vergleichen und bewerten",
                  "esco_mappings": [
                    {
                      "kompetenz": "Einhaltung der rechtlichen Bestimmungen sicherstellen",
                      "uri": "http://data.europa.eu/esco/skill/1dae8445-12e5-423a-bb26-824010e299b9"
                    }
                  ]
                },
                "dok_lz_6": {
                  "text": "Lieferanten auswählen und Kaufverträge abschließen",
                  "esco_mappings": [
                    {
                      "kompetenz": "Kaufverträge aushandeln",
                      "uri": "http://data.europa.eu/esco/skill/71152876-b629-4a99-b9ea-0f25a0d07e4e"
                    }
                  ]
                },
                "dok_lz_7": {
                  "text": "Wareneingang überwachen und Waren einlagern",
                  "esco_mappings": [
                    {
                      "kompetenz": "Höhe des Lagerbestands überwachen",
                      "uri": "http://data.europa.eu/esco/skill/44f6a65f-6be7-4818-9a66-73908797283f"
                    }
                  ]
                },
                "dok_lz_8": {
                  "text": "Eingangsrechnungen kontrollieren und Zahlungen veranlassen",
                  "esco_mappings": [
                    {
                      "kompetenz": "Einhaltung der rechtlichen Bestimmungen sicherstellen",
                      "uri": "http://data.europa.eu/esco/skill/1dae8445-12e5-423a-bb26-824010e299b9"
                    }
                  ]
                },
                "dok_lz_9": {
                  "text": "Mangelhafte Leistungen und verspätete Lieferungen bearbeiten",
                  "esco_mappings": [
                    {
                      "kompetenz": "Einhaltung der rechtlichen Bestimmungen sicherstellen",
                      "uri": "http://data.europa.eu/esco/skill/1dae8445-12e5-423a-bb26-824010e299b9"
                    }
                  ]
                },
                "dok_lz_10": {
                  "text": "Nachhaltigkeit in Beschaffungs- und Lagerprozessen beurteilen",
                  "esco_mappings": [
                    {
                      "kompetenz": "Merkmale von Produkten vorführen",
                      "uri": "http://data.europa.eu/esco/skill/de7b8c6c-9ed4-4776-924c-4265dd1d9cde"
                    }
                  ]
                }
              }
            },
            "1. - 15. Monat": {
              "zeit": {
                "wert": "80",
                "einheit": "Stunden"
              },
              "lernziele": {
                "dok_lz_1": {
                  "text": "Kundenwünsche ermitteln und beraten",
                  "esco_mappings": [
                    {
                      "kompetenz": "Kundenbedürfnisse feststellen",
                      "uri": "http://data.europa.eu/esco/skill/68698869-c13c-4563-adc7-118b7644f45d"
                    }
                  ]
                }
              }
            },
            "16. - 36. Monat": {
              "zeit": {
                "wert": "80",
                "einheit": "Stunden"
              },
              "lernziele": {
                "dok_lz_1": {
                  "text": "Beschaffungs- und Lagerprozesse optimieren",
                  "esco_mappings": [
                    {
                      "kompetenz": "Höhe des Lagerbestands überwachen",
                      "uri": "http://data.europa.eu/esco/skill/44f6a65f-6be7-4818-9a66-73908797283f"
                    }
                  ]
                },
                "dok_lz_2": {
                  "text": "Kommunikation mit Vertragspartnern bei Problemen durchführen",
                  "esco_mappings": [
                    {
                      "kompetenz": "verschiedene Kommunikationskanäle verwenden",
                      "uri": "http://data.europa.eu/esco/skill/415abd43-e8e5-4643-b5da-5f11307af57a"
                    }
                  ]
                },
                "dok_lz_3": {
                  "text": "Mitverantwortung für Umwelt und Wirtschaftlichkeit reflektieren",
                  "esco_mappings": [
                    {
                      "kompetenz": "Merkmale von Produkten vorführen",
                      "uri": "http://data.europa.eu/esco/skill/de7b8c6c-9ed4-4776-924c-4265dd1d9cde"
                    }
                  ]
                }
              }
            }
          }
        },
        "Teile und Zubehör verkaufen": {
          "beschreibung": "Teile und Zubehör verkaufen",
          "zeitraeume": {
            "1. Ausbildungsjahr": {
              "zeit": {
                "wert": "80",
                "einheit": "Stunden"
              },
              "lernziele": {
                "dok_lz_1": {
                  "text": "Teile und Zubehör kundenorientiert verkaufen",
                  "esco_mappings": [
                    {
                      "kompetenz": "Kunden und Kundinnen Orientierung bei der Produktauswahl bieten",
                      "uri": "http://data.europa.eu/esco/skill/2b69525c-731c-4813-99a7-673fa5679d32"
                    },
                    {
                      "kompetenz": "Kundenzufriedenheit gewährleisten",
                      "uri": "http://data.europa.eu/esco/skill/00e53a0a-c0ba-4c9f-a2ed-4706d5832a00"
                    }
                  ]
                },
                "dok_lz_2": {
                  "text": "Kundenwünsche ermitteln und beraten",
                  "esco_mappings": [
                    {
                      "kompetenz": "Kundenbedürfnisse feststellen",
                      "uri": "http://data.europa.eu/esco/skill/68698869-c13c-4563-adc7-118b7644f45d"
                    },
                    {
                      "kompetenz": "Kunden und Kundinnen über Kraftfahrzeuge beraten",
                      "uri": "http://data.europa.eu/esco/skill/fa01d9a8-34ee-497f-a8ac-27726695a14d"
                    }
                  ]
                },
                "dok_lz_3": {
                  "text": "Sortiment analysieren und Verkaufsraum gestalten",
                  "esco_mappings": [
                    {
                      "kompetenz": "Warenpräsentation organisieren",
                      "uri": "http://data.europa.eu/esco/skill/77a11321-754a-41de-b9e4-80d747f528db"
                    }
                  ]
                },
                "dok_lz_4": {
                  "text": "Gesprächstechniken anwenden und auf Kundeneinwände reagieren",
                  "esco_mappings": [
                    {
                      "kompetenz": "verschiedene Kommunikationskanäle verwenden",
                      "uri": "http://data.europa.eu/esco/skill/415abd43-e8e5-4643-b5da-5f11307af57a"
                    }
                  ]
                },
                "dok_lz_5": {
                  "text": "Rechnungen und Lieferscheine erstellen",
                  "esco_mappings": [
                    {
                      "kompetenz": "Verkaufsrechnungen ausstellen",
                      "uri": "http://data.europa.eu/esco/skill/e3e42d54-78bd-4337-aa87-bb31a7670c9a"
                    }
                  ]
                },
                "dok_lz_6": {
                  "text": "Zahlungsmöglichkeiten anbieten und buchen",
                  "esco_mappings": [
                    {
                      "kompetenz": "Registrierkasse bedienen",
                      "uri": "http://data.europa.eu/esco/skill/0cb013af-6dd9-4fb2-b34e-63dda1a5cf82"
                    },
                    {
                      "kompetenz": "Rechenkenntnisse anwenden",
                      "uri": "http://data.europa.eu/esco/skill/5dd01a1e-7ba0-4b7f-a76c-ed811c12bfde"
                    }
                  ]
                },
                "dok_lz_7": {
                  "text": "Kaufverträge überwachen und Lösungsvorschläge entwickeln",
                  "esco_mappings": [
                    {
                      "kompetenz": "Kaufverträge aushandeln",
                      "uri": "http://data.europa.eu/esco/skill/71152876-b629-4a99-b9ea-0f25a0d07e4e"
                    }
                  ]
                },
                "dok_lz_8": {
                  "text": "Verkaufsprozesse hinsichtlich Wirtschaftlichkeit reflektieren",
                  "esco_mappings": [
                    {
                      "kompetenz": "gesetzliche Bestimmungen für Tätigkeiten im Kfz-Einzelhandel",
                      "uri": "http://data.europa.eu/esco/skill/35df8d0d-3cc7-4c7e-a260-094ab1b1604b"
                    }
                  ]
                }
              }
            },
            "2. Ausbildungsjahr": {
              "zeit": {
                "wert": "80",
                "einheit": "Stunden"
              },
              "lernziele": {
                "dok_lz_1": {
                  "text": "Komplexe Kundenberatung durchführen",
                  "esco_mappings": [
                    {
                      "kompetenz": "Kunden und Kundinnen über Kraftfahrzeuge beraten",
                      "uri": "http://data.europa.eu/esco/skill/fa01d9a8-34ee-497f-a8ac-27726695a14d"
                    }
                  ]
                },
                "dok_lz_2": {
                  "text": "Werkstattaufträge und kaufmännische Prozesse organisieren",
                  "esco_mappings": [
                    {
                      "kompetenz": "Folgedienstleistungen für Kunden und Kundinnen erbringen",
                      "uri": "http://data.europa.eu/esco/skill/debb8d81-ed7f-447d-853a-5d107fda6fcf"
                    }
                  ]
                },
                "dok_lz_3": {
                  "text": "Kundenmobilität sicherstellen und Informationen bereitstellen",
                  "esco_mappings": [
                    {
                      "kompetenz": "Kunden und Kundinnen über zusätzliche Dienstleistungen bei Fahrzeugen informieren",
                      "uri": "http://data.europa.eu/esco/skill/4ed6d13e-a39e-4033-b1ae-d6f2c616d834"
                    }
                  ]
                },
                "dok_lz_4": {
                  "text": "Reklamationsgespräche führen und koordinieren",
                  "esco_mappings": [
                    {
                      "kompetenz": "Kundenzufriedenheit gewährleisten",
                      "uri": "http://data.europa.eu/esco/skill/00e53a0a-c0ba-4c9f-a2ed-4706d5832a00"
                    }
                  ]
                },
                "dok_lz_5": {
                  "text": "Kundenzufriedenheit ermitteln und auswerten",
                  "esco_mappings": [
                    {
                      "kompetenz": "Kundenzufriedenheit gewährleisten",
                      "uri": "http://data.europa.eu/esco/skill/00e53a0a-c0ba-4c9f-a2ed-4706d5832a00"
                    }
                  ]
                }
              }
            },
            "3. Ausbildungsjahr": {
              "zeit": {
                "wert": "80",
                "einheit": "Stunden"
              },
              "lernziele": {
                "dok_lz_1": {
                  "text": "Verkaufsstrategien entwickeln und umsetzen",
                  "esco_mappings": [
                    {
                      "kompetenz": "Werbemaßnahmen für Fahrzeuge durchführen",
                      "uri": "http://data.europa.eu/esco/skill/09f07c6a-866b-4587-a771-45b0cd613540"
                    }
                  ]
                },
                "dok_lz_2": {
                  "text": "Marktforschung betreiben und Kundenbindung fördern",
                  "esco_mappings": [
                    {
                      "kompetenz": "Kunden und Kundinnen Orientierung bei der Produktauswahl bieten",
                      "uri": "http://data.europa.eu/esco/skill/2b69525c-731c-4813-99a7-673fa5679d32"
                    }
                  ]
                },
                "dok_lz_3": {
                  "text": "Finanzdienstleistungen im Verkauf integrieren",
                  "esco_mappings": [
                    {
                      "kompetenz": "Kunden und Kundinnen über Finanzierungsmöglichkeiten für Fahrzeuge beraten",
                      "uri": "http://data.europa.eu/esco/skill/ed6915ee-ef99-4630-ac32-3dfbb6ff64df"
                    }
                  ]
                },
                "dok_lz_4": {
                  "text": "Eigenverantwortung im Verkaufsprozess reflektieren und optimieren",
                  "esco_mappings": [
                    {
                      "kompetenz": "Verkaufsargumentation",
                      "uri": "http://data.europa.eu/esco/skill/0c0488b3-fca5-4deb-865b-8dc605c3d909"
                    },
                    {
                      "kompetenz": "Kundenzufriedenheit gewährleisten",
                      "uri": "http://data.europa.eu/esco/skill/00e53a0a-c0ba-4c9f-a2ed-4706d5832a00"
                    }
                  ]
                }
              }
            }
          }
        },
        "Werkstattaufträge entgegennehmen und kaufmännische Geschäftsprozesse organisieren": {
          "beschreibung": "Werkstattaufträge entgegennehmen und kaufmännische Geschäftsprozesse organisieren",
          "zeitraeume": {
            "1. Ausbildungsjahr": {
              "zeit": {
                "wert": "120",
                "einheit": "Stunden"
              },
              "lernziele": {
                "dok_lz_1": {
                  "text": "Kundenwünsche ermitteln und Kunden beraten",
                  "esco_mappings": [
                    {
                      "kompetenz": "Kunden und Kundinnen über Kraftfahrzeuge beraten",
                      "uri": "http://data.europa.eu/esco/skill/fa01d9a8-34ee-497f-a8ac-27726695a14d"
                    },
                    {
                      "kompetenz": "Kunden und Kundinnen Orientierung bei der Produktauswahl bieten",
                      "uri": "http://data.europa.eu/esco/skill/2b69525c-731c-4813-99a7-673fa5679d32"
                    },
                    {
                      "kompetenz": "Kundenbedürfnisse feststellen",
                      "uri": "http://data.europa.eu/esco/skill/68698869-c13c-4563-adc7-118b7644f45d"
                    },
                    {
                      "kompetenz": "Kundenzufriedenheit gewährleisten",
                      "uri": "http://data.europa.eu/esco/skill/00e53a0a-c0ba-4c9f-a2ed-4706d5832a00"
                    }
                  ]
                },
                "dok_lz_2": {
                  "text": "Teile und Zubehör beschaffen und lagern",
                  "esco_mappings": [
                    {
                      "kompetenz": "Lagereinrichtungen organisieren",
                      "uri": "http://data.europa.eu/esco/skill/435efc22-0dcb-487c-b9c4-d4860b6d4c52"
                    },
                    {
                      "kompetenz": "gesetzliche Bestimmungen für Tätigkeiten im Kfz-Einzelhandel",
                      "uri": "http://data.europa.eu/esco/skill/35df8d0d-3cc7-4c7e-a260-094ab1b1604b"
                    },
                    {
                      "kompetenz": "Höhe des Lagerbestands überwachen",
                      "uri": "http://data.europa.eu/esco/skill/44f6a65f-6be7-4818-9a66-73908797283f"
                    }
                  ]
                },
                "dok_lz_3": {
                  "text": "Teile und Zubehör verkaufen",
                  "esco_mappings": [
                    {
                      "kompetenz": "Verkaufsrechnungen ausstellen",
                      "uri": "http://data.europa.eu/esco/skill/e3e42d54-78bd-4337-aa87-bb31a7670c9a"
                    },
                    {
                      "kompetenz": "aktives Verkaufen durchführen",
                      "uri": "http://data.europa.eu/esco/skill/c81c9ea3-4689-4146-9076-24dd175c69bc"
                    }
                  ]
                },
                "dok_lz_4": {
                  "text": "Bestände und Erfolgsvorgänge erfassen",
                  "esco_mappings": [
                    {
                      "kompetenz": "Ladendiebstahl verhindern",
                      "uri": "http://data.europa.eu/esco/skill/f10cf304-f32c-40ee-97a7-ec8d84d72955"
                    },
                    {
                      "kompetenz": "Kunden und Kundinnen Orientierung bei der Produktauswahl bieten",
                      "uri": "http://data.europa.eu/esco/skill/2b69525c-731c-4813-99a7-673fa5679d32"
                    },
                    {
                      "kompetenz": "Höhe des Lagerbestands überwachen",
                      "uri": "http://data.europa.eu/esco/skill/44f6a65f-6be7-4818-9a66-73908797283f"
                    }
                  ]
                }
              }
            },
            "2. Ausbildungsjahr": {
              "zeit": {
                "wert": "120",
                "einheit": "Stunden"
              },
              "lernziele": {
                "dok_lz_1": {
                  "text": "Werkstattaufträge entgegennehmen und kaufmännische Geschäftsprozesse organisieren",
                  "esco_mappings": [
                    {
                      "kompetenz": "Kunden und Kundinnen Orientierung bei der Produktauswahl bieten",
                      "uri": "http://data.europa.eu/esco/skill/2b69525c-731c-4813-99a7-673fa5679d32"
                    },
                    {
                      "kompetenz": "Auftragsannahme durchführen",
                      "uri": "http://data.europa.eu/esco/skill/a89c463d-e6f0-417d-9216-b59b92249226"
                    }
                  ]
                },
                "dok_lz_2": {
                  "text": "Kostenvoranschläge und Aufträge erstellen",
                  "esco_mappings": [
                    {
                      "kompetenz": "Kaufverträge aushandeln",
                      "uri": "http://data.europa.eu/esco/skill/71152876-b629-4a99-b9ea-0f25a0d07e4e"
                    }
                  ]
                },
                "dok_lz_3": {
                  "text": "Kundengespräche führen und Rechnungen erläutern",
                  "esco_mappings": [
                    {
                      "kompetenz": "Kunden und Kundinnen über Kraftfahrzeuge beraten",
                      "uri": "http://data.europa.eu/esco/skill/fa01d9a8-34ee-497f-a8ac-27726695a14d"
                    },
                    {
                      "kompetenz": "Kunden und Kundinnen Orientierung bei der Produktauswahl bieten",
                      "uri": "http://data.europa.eu/esco/skill/2b69525c-731c-4813-99a7-673fa5679d32"
                    },
                    {
                      "kompetenz": "Kundenzufriedenheit gewährleisten",
                      "uri": "http://data.europa.eu/esco/skill/00e53a0a-c0ba-4c9f-a2ed-4706d5832a00"
                    }
                  ]
                },
                "dok_lz_4": {
                  "text": "Termine koordinieren und Auftragsabläufe organisieren",
                  "esco_mappings": [
                    {
                      "kompetenz": "Kunden und Kundinnen Orientierung bei der Produktauswahl bieten",
                      "uri": "http://data.europa.eu/esco/skill/2b69525c-731c-4813-99a7-673fa5679d32"
                    },
                    {
                      "kompetenz": "Auftragsannahme durchführen",
                      "uri": "http://data.europa.eu/esco/skill/a89c463d-e6f0-417d-9216-b59b92249226"
                    }
                  ]
                }
              }
            },
            "3. Ausbildungsjahr": {
              "zeit": {
                "wert": "120",
                "einheit": "Stunden"
              },
              "lernziele": {
                "dok_lz_1": {
                  "text": "Personalwirtschaftliche Aufgaben wahrnehmen",
                  "esco_mappings": [
                    {
                      "kompetenz": "Beratung zu Fahrzeugmerkmalen leisten",
                      "uri": "http://data.europa.eu/esco/skill/9f94d5f4-ac34-406d-940f-c723976dc8f4"
                    },
                    {
                      "kompetenz": "Ladengeschäft sauber halten",
                      "uri": "http://data.europa.eu/esco/skill/57c1debf-3867-4e64-baf8-ce70d84f88c9"
                    }
                  ]
                },
                "dok_lz_2": {
                  "text": "Kaufmännische Steuerung und Kontrolle unterstützen",
                  "esco_mappings": [
                    {
                      "kompetenz": "Kunden und Kundinnen Orientierung bei der Produktauswahl bieten",
                      "uri": "http://data.europa.eu/esco/skill/2b69525c-731c-4813-99a7-673fa5679d32"
                    },
                    {
                      "kompetenz": "Einhaltung der rechtlichen Bestimmungen sicherstellen",
                      "uri": "http://data.europa.eu/esco/skill/1dae8445-12e5-423a-bb26-824010e299b9"
                    }
                  ]
                },
                "dok_lz_3": {
                  "text": "Wirtschaftliche Einflüsse auf Entscheidungen beurteilen",
                  "esco_mappings": [
                    {
                      "kompetenz": "Kundenbedürfnisse feststellen",
                      "uri": "http://data.europa.eu/esco/skill/68698869-c13c-4563-adc7-118b7644f45d"
                    },
                    {
                      "kompetenz": "Ladengeschäft sauber halten",
                      "uri": "http://data.europa.eu/esco/skill/57c1debf-3867-4e64-baf8-ce70d84f88c9"
                    }
                  ]
                },
                "dok_lz_4": {
                  "text": "Kommunikationspolitische Maßnahmen gestalten",
                  "esco_mappings": [
                    {
                      "kompetenz": "Werbemaßnahmen für Fahrzeuge durchführen",
                      "uri": "http://data.europa.eu/esco/skill/09f07c6a-866b-4587-a771-45b0cd613540"
                    }
                  ]
                }
              }
            }
          }
        },
        "Neufahrzeuge disponieren und den Verkaufsprozess durchführen": {
          "beschreibung": "Neufahrzeuge disponieren und den Verkaufsprozess durchführen",
          "zeitraeume": {
            "1. Ausbildungsjahr": {
              "zeit": {
                "wert": "40",
                "einheit": "Stunden"
              },
              "lernziele": {
                "dok_lz_1": {
                  "text": "Neufahrzeuge disponieren und den Verkaufsprozess durchführen",
                  "esco_mappings": []
                }
              }
            },
            "2. Ausbildungsjahr": {
              "zeit": {
                "wert": "40",
                "einheit": "Stunden"
              },
              "lernziele": {
                "dok_lz_1": {
                  "text": "Neufahrzeuge disponieren und den Verkaufsprozess durchführen",
                  "esco_mappings": [
                    {
                      "kompetenz": "Kunden und Kundinnen über Kraftfahrzeuge beraten",
                      "uri": "http://data.europa.eu/esco/skill/fa01d9a8-34ee-497f-a8ac-27726695a14d"
                    },
                    {
                      "kompetenz": "Kunden und Kundinnen über Finanzierungsmöglichkeiten für Fahrzeuge beraten",
                      "uri": "http://data.europa.eu/esco/skill/ed6915ee-ef99-4630-ac32-3dfbb6ff64df"
                    },
                    {
                      "kompetenz": "Kunden und Kundinnen Orientierung bei der Produktauswahl bieten",
                      "uri": "http://data.europa.eu/esco/skill/2b69525c-731c-4813-99a7-673fa5679d32"
                    },
                    {
                      "kompetenz": "aktives Verkaufen durchführen",
                      "uri": "http://data.europa.eu/esco/skill/c81c9ea3-4689-4146-9076-24dd175c69bc"
                    },
                    {
                      "kompetenz": "Kaufverträge aushandeln",
                      "uri": "http://data.europa.eu/esco/skill/71152876-b629-4a99-b9ea-0f25a0d07e4e"
                    }
                  ]
                }
              }
            }
          }
        },
        "Gebrauchtfahrzeuge disponieren und bereitstellen": {
          "beschreibung": "Gebrauchtfahrzeuge disponieren und bereitstellen",
          "zeitraeume": {
            "1. - 15. Monat": {
              "zeit": {
                "wert": "40",
                "einheit": "Stunden"
              },
              "lernziele": {
                "dok_lz_1": {
                  "text": "Gebrauchtfahrzeuge beschaffen und deren Bestand überwachen",
                  "esco_mappings": [
                    {
                      "kompetenz": "Höhe des Lagerbestands überwachen",
                      "uri": "http://data.europa.eu/esco/skill/44f6a65f-6be7-4818-9a66-73908797283f"
                    }
                  ]
                },
                "dok_lz_2": {
                  "text": "Gebrauchtfahrzeuge für den Vertrieb bereitstellen",
                  "esco_mappings": [
                    {
                      "kompetenz": "Fahrzeuge für den Verkauf überprüfen",
                      "uri": "http://data.europa.eu/esco/skill/c43457a0-3958-4ef9-8b33-2f56a06a63ba"
                    },
                    {
                      "kompetenz": "Warenpräsentation organisieren",
                      "uri": "http://data.europa.eu/esco/skill/77a11321-754a-41de-b9e4-80d747f528db"
                    }
                  ]
                },
                "dok_lz_3": {
                  "text": "Gebrauchtfahrzeugmarkt analysieren und Zielgruppen definieren",
                  "esco_mappings": [
                    {
                      "kompetenz": "Kunden und Kundinnen Orientierung bei der Produktauswahl bieten",
                      "uri": "http://data.europa.eu/esco/skill/2b69525c-731c-4813-99a7-673fa5679d32"
                    },
                    {
                      "kompetenz": "Kundenbedürfnisse feststellen",
                      "uri": "http://data.europa.eu/esco/skill/68698869-c13c-4563-adc7-118b7644f45d"
                    }
                  ]
                }
              }
            },
            "16. - 36. Monat": {
              "zeit": {
                "wert": "40",
                "einheit": "Stunden"
              },
              "lernziele": {
                "dok_lz_1": {
                  "text": "Kaufmännische Gebrauchtfahrzeugbewertung durchführen",
                  "esco_mappings": [
                    {
                      "kompetenz": "Beratung zu Fahrzeugmerkmalen leisten",
                      "uri": "http://data.europa.eu/esco/skill/9f94d5f4-ac34-406d-940f-c723976dc8f4"
                    },
                    {
                      "kompetenz": "Kaufverträge aushandeln",
                      "uri": "http://data.europa.eu/esco/skill/71152876-b629-4a99-b9ea-0f25a0d07e4e"
                    }
                  ]
                },
                "dok_lz_2": {
                  "text": "Präsentation der Gebrauchtfahrzeuge gestalten",
                  "esco_mappings": [
                    {
                      "kompetenz": "Warenpräsentation organisieren",
                      "uri": "http://data.europa.eu/esco/skill/77a11321-754a-41de-b9e4-80d747f528db"
                    },
                    {
                      "kompetenz": "Merkmale von Produkten vorführen",
                      "uri": "http://data.europa.eu/esco/skill/de7b8c6c-9ed4-4776-924c-4265dd1d9cde"
                    }
                  ]
                },
                "dok_lz_3": {
                  "text": "Kundenorientierte Kommunikation mit Kaufinteressenten durchführen",
                  "esco_mappings": [
                    {
                      "kompetenz": "Kunden und Kundinnen über Kraftfahrzeuge beraten",
                      "uri": "http://data.europa.eu/esco/skill/fa01d9a8-34ee-497f-a8ac-27726695a14d"
                    },
                    {
                      "kompetenz": "verschiedene Kommunikationskanäle verwenden",
                      "uri": "http://data.europa.eu/esco/skill/415abd43-e8e5-4643-b5da-5f11307af57a"
                    },
                    {
                      "kompetenz": "Kundenzufriedenheit gewährleisten",
                      "uri": "http://data.europa.eu/esco/skill/00e53a0a-c0ba-4c9f-a2ed-4706d5832a00"
                    }
                  ]
                },
                "dok_lz_4": {
                  "text": "Nachkalkulationen von Gebrauchtfahrzeugverkäufen durchführen",
                  "esco_mappings": [
                    {
                      "kompetenz": "Rechenkenntnisse anwenden",
                      "uri": "http://data.europa.eu/esco/skill/5dd01a1e-7ba0-4b7f-a76c-ed811c12bfde"
                    }
                  ]
                },
                "dok_lz_5": {
                  "text": "Wirtschaftlichen Erfolg im Gebrauchtfahrzeuggeschäft reflektieren",
                  "esco_mappings": [
                    {
                      "kompetenz": "Einhaltung der rechtlichen Bestimmungen sicherstellen",
                      "uri": "http://data.europa.eu/esco/skill/1dae8445-12e5-423a-bb26-824010e299b9"
                    }
                  ]
                }
              }
            }
          }
        },
        "Finanzdienstleistungen anbieten": {
          "beschreibung": "Finanzdienstleistungen anbieten",
          "zeitraeume": {
            "1. Ausbildungsjahr": {
              "zeit": {
                "wert": "80",
                "einheit": "Stunden"
              },
              "lernziele": {
                "dok_lz_1": {
                  "text": "Kundenwünsche ermitteln und den Bedarf an Finanzdienstleistungen analysieren",
                  "esco_mappings": [
                    {
                      "kompetenz": "Kundenbedürfnisse feststellen",
                      "uri": "http://data.europa.eu/esco/skill/68698869-c13c-4563-adc7-118b7644f45d"
                    }
                  ]
                },
                "dok_lz_2": {
                  "text": "Informationen über verschiedene Finanzierungsmodelle bereitstellen",
                  "esco_mappings": [
                    {
                      "kompetenz": "Kunden und Kundinnen über Finanzierungsmöglichkeiten für Fahrzeuge beraten",
                      "uri": "http://data.europa.eu/esco/skill/ed6915ee-ef99-4630-ac32-3dfbb6ff64df"
                    },
                    {
                      "kompetenz": "Kunden und Kundinnen Orientierung bei der Produktauswahl bieten",
                      "uri": "http://data.europa.eu/esco/skill/2b69525c-731c-4813-99a7-673fa5679d32"
                    }
                  ]
                },
                "dok_lz_3": {
                  "text": "Leasingmodelle erläutern und deren Vertragsbedingungen erklären",
                  "esco_mappings": [
                    {
                      "kompetenz": "Einhaltung der rechtlichen Bestimmungen sicherstellen",
                      "uri": "http://data.europa.eu/esco/skill/1dae8445-12e5-423a-bb26-824010e299b9"
                    }
                  ]
                },
                "dok_lz_4": {
                  "text": "Versicherungsprodukte und deren Tarifmerkmale vorstellen",
                  "esco_mappings": [
                    {
                      "kompetenz": "Kunden und Kundinnen Orientierung bei der Produktauswahl bieten",
                      "uri": "http://data.europa.eu/esco/skill/2b69525c-731c-4813-99a7-673fa5679d32"
                    }
                  ]
                }
              }
            },
            "2. Ausbildungsjahr": {
              "zeit": {
                "wert": "80",
                "einheit": "Stunden"
              },
              "lernziele": {
                "dok_lz_1": {
                  "text": "Angebote für Finanzdienstleistungen erstellen und kalkulieren",
                  "esco_mappings": [
                    {
                      "kompetenz": "Einhaltung der rechtlichen Bestimmungen sicherstellen",
                      "uri": "http://data.europa.eu/esco/skill/1dae8445-12e5-423a-bb26-824010e299b9"
                    }
                  ]
                },
                "dok_lz_2": {
                  "text": "Kreditfähigkeit und Kreditwürdigkeit von Kunden prüfen",
                  "esco_mappings": [
                    {
                      "kompetenz": "Einhaltung der rechtlichen Bestimmungen sicherstellen",
                      "uri": "http://data.europa.eu/esco/skill/1dae8445-12e5-423a-bb26-824010e299b9"
                    }
                  ]
                },
                "dok_lz_3": {
                  "text": "Vertragsbestandteile unter Berücksichtigung des Widerrufsrechts erläutern",
                  "esco_mappings": [
                    {
                      "kompetenz": "Einhaltung der rechtlichen Bestimmungen sicherstellen",
                      "uri": "http://data.europa.eu/esco/skill/1dae8445-12e5-423a-bb26-824010e299b9"
                    }
                  ]
                },
                "dok_lz_4": {
                  "text": "Reaktionen auf Handlungsbedarf während der Vertragslaufzeit initiieren",
                  "esco_mappings": [
                    {
                      "kompetenz": "Einhaltung der rechtlichen Bestimmungen sicherstellen",
                      "uri": "http://data.europa.eu/esco/skill/1dae8445-12e5-423a-bb26-824010e299b9"
                    }
                  ]
                }
              }
            },
            "3. Ausbildungsjahr": {
              "zeit": {
                "wert": "80",
                "einheit": "Stunden"
              },
              "lernziele": {
                "dok_lz_1": {
                  "text": "Verträge unterschriftsreif vorbereiten und dokumentieren",
                  "esco_mappings": [
                    {
                      "kompetenz": "Einhaltung der rechtlichen Bestimmungen sicherstellen",
                      "uri": "http://data.europa.eu/esco/skill/1dae8445-12e5-423a-bb26-824010e299b9"
                    }
                  ]
                },
                "dok_lz_2": {
                  "text": "Laufzeiten der Verträge kontrollieren und Anschlussmaßnahmen einleiten",
                  "esco_mappings": [
                    {
                      "kompetenz": "Einhaltung der rechtlichen Bestimmungen sicherstellen",
                      "uri": "http://data.europa.eu/esco/skill/1dae8445-12e5-423a-bb26-824010e299b9"
                    }
                  ]
                },
                "dok_lz_3": {
                  "text": "Verbesserungsvorschläge für Abläufe in der Finanzdienstleistung diskutieren",
                  "esco_mappings": [
                    {
                      "kompetenz": "Einhaltung der rechtlichen Bestimmungen sicherstellen",
                      "uri": "http://data.europa.eu/esco/skill/1dae8445-12e5-423a-bb26-824010e299b9"
                    }
                  ]
                }
              }
            }
          }
        },
        "Personalwirtschaftliche Aufgaben wahrnehmen": {
          "beschreibung": "Personalwirtschaftliche Aufgaben wahrnehmen",
          "zeitraeume": {
            "1. Ausbildungsjahr": {
              "zeit": {
                "wert": "60",
                "einheit": "Stunden"
              },
              "lernziele": {
                "dok_lz_1": {
                  "text": "Personalverwaltung grundlegende Aufgaben wahrnehmen",
                  "esco_mappings": [
                    {
                      "kompetenz": "Einhaltung der rechtlichen Bestimmungen sicherstellen",
                      "uri": "http://data.europa.eu/esco/skill/1dae8445-12e5-423a-bb26-824010e299b9"
                    }
                  ]
                },
                "dok_lz_2": {
                  "text": "Personalbestand analysieren und dokumentieren",
                  "esco_mappings": [
                    {
                      "kompetenz": "Einhaltung der rechtlichen Bestimmungen sicherstellen",
                      "uri": "http://data.europa.eu/esco/skill/1dae8445-12e5-423a-bb26-824010e299b9"
                    }
                  ]
                },
                "dok_lz_3": {
                  "text": "Stellenanzeigen formulieren und veröffentlichen",
                  "esco_mappings": [
                    {
                      "kompetenz": "Einhaltung der rechtlichen Bestimmungen sicherstellen",
                      "uri": "http://data.europa.eu/esco/skill/1dae8445-12e5-423a-bb26-824010e299b9"
                    }
                  ]
                }
              }
            },
            "2. Ausbildungsjahr": {
              "zeit": {
                "wert": "60",
                "einheit": "Stunden"
              },
              "lernziele": {
                "dok_lz_1": {
                  "text": "Personalbeschaffungsprozesse unterstützen",
                  "esco_mappings": [
                    {
                      "kompetenz": "Einhaltung der rechtlichen Bestimmungen sicherstellen",
                      "uri": "http://data.europa.eu/esco/skill/1dae8445-12e5-423a-bb26-824010e299b9"
                    }
                  ]
                },
                "dok_lz_2": {
                  "text": "Einstellungen und Vertragsvorbereitungen durchführen",
                  "esco_mappings": [
                    {
                      "kompetenz": "Einhaltung der rechtlichen Bestimmungen sicherstellen",
                      "uri": "http://data.europa.eu/esco/skill/1dae8445-12e5-423a-bb26-824010e299b9"
                    }
                  ]
                },
                "dok_lz_3": {
                  "text": "Personalentwicklungskonzepte mitwirken",
                  "esco_mappings": [
                    {
                      "kompetenz": "Einhaltung der rechtlichen Bestimmungen sicherstellen",
                      "uri": "http://data.europa.eu/esco/skill/1dae8445-12e5-423a-bb26-824010e299b9"
                    }
                  ]
                }
              }
            },
            "3. Ausbildungsjahr": {
              "zeit": {
                "wert": "60",
                "einheit": "Stunden"
              },
              "lernziele": {
                "dok_lz_1": {
                  "text": "Arbeitsverträge erstellen und erläutern",
                  "esco_mappings": [
                    {
                      "kompetenz": "Einhaltung der rechtlichen Bestimmungen sicherstellen",
                      "uri": "http://data.europa.eu/esco/skill/1dae8445-12e5-423a-bb26-824010e299b9"
                    }
                  ]
                },
                "dok_lz_2": {
                  "text": "Mitarbeitergespräche führen und dokumentieren",
                  "esco_mappings": [
                    {
                      "kompetenz": "Einhaltung der rechtlichen Bestimmungen sicherstellen",
                      "uri": "http://data.europa.eu/esco/skill/1dae8445-12e5-423a-bb26-824010e299b9"
                    }
                  ]
                },
                "dok_lz_3": {
                  "text": "Maßnahmen zur Beendigung von Beschäftigungsverhältnissen unterstützen",
                  "esco_mappings": [
                    {
                      "kompetenz": "Einhaltung der rechtlichen Bestimmungen sicherstellen",
                      "uri": "http://data.europa.eu/esco/skill/1dae8445-12e5-423a-bb26-824010e299b9"
                    }
                  ]
                }
              }
            }
          }
        },
        "Wertschöpfungsprozesse erfolgsorientiert steuern": {
          "beschreibung": "Wertschöpfungsprozesse erfolgsorientiert steuern",
          "zeitraeume": {
            "1. Ausbildungsjahr": {
              "zeit": {
                "wert": "80",
                "einheit": "Stunden"
              },
              "lernziele": {
                "dok_lz_1": {
                  "text": "Grundlagen der Wertschöpfungsprozesse verstehen",
                  "esco_mappings": [
                    {
                      "kompetenz": "Kundenbedürfnisse feststellen",
                      "uri": "http://data.europa.eu/esco/skill/68698869-c13c-4563-adc7-118b7644f45d"
                    },
                    {
                      "kompetenz": "Ladengeschäft sauber halten",
                      "uri": "http://data.europa.eu/esco/skill/57c1debf-3867-4e64-baf8-ce70d84f88c9"
                    },
                    {
                      "kompetenz": "verschiedene Kommunikationskanäle verwenden",
                      "uri": "http://data.europa.eu/esco/skill/415abd43-e8e5-4643-b5da-5f11307af57a"
                    },
                    {
                      "kompetenz": "Produktverständnis",
                      "uri": "http://data.europa.eu/esco/skill/d6d3fee7-47e2-47f4-a0ec-6c75f28c6abd"
                    }
                  ]
                },
                "dok_lz_2": {
                  "text": "Kundenbedürfnisse im Kontext der Wertschöpfung analysieren",
                  "esco_mappings": [
                    {
                      "kompetenz": "Kundenbedürfnisse feststellen",
                      "uri": "http://data.europa.eu/esco/skill/68698869-c13c-4563-adc7-118b7644f45d"
                    },
                    {
                      "kompetenz": "Kunden und Kundinnen Orientierung bei der Produktauswahl bieten",
                      "uri": "http://data.europa.eu/esco/skill/2b69525c-731c-4813-99a7-673fa5679d32"
                    }
                  ]
                },
                "dok_lz_3": {
                  "text": "Einfache Kostenarten und Leistungen im Unternehmen identifizieren",
                  "esco_mappings": [
                    {
                      "kompetenz": "Rechenkenntnisse anwenden",
                      "uri": "http://data.europa.eu/esco/skill/5dd01a1e-7ba0-4b7f-a76c-ed811c12bfde"
                    }
                  ]
                },
                "dok_lz_4": {
                  "text": "Betriebsabrechnungsbogen erstellen",
                  "esco_mappings": [
                    {
                      "kompetenz": "Rechenkenntnisse anwenden",
                      "uri": "http://data.europa.eu/esco/skill/5dd01a1e-7ba0-4b7f-a76c-ed811c12bfde"
                    }
                  ]
                },
                "dok_lz_5": {
                  "text": "Einfache Preiskalkulationen durchführen",
                  "esco_mappings": [
                    {
                      "kompetenz": "Rechenkenntnisse anwenden",
                      "uri": "http://data.europa.eu/esco/skill/5dd01a1e-7ba0-4b7f-a76c-ed811c12bfde"
                    }
                  ]
                }
              }
            },
            "2. Ausbildungsjahr": {
              "zeit": {
                "wert": "80",
                "einheit": "Stunden"
              },
              "lernziele": {
                "dok_lz_1": {
                  "text": "Komplexe Wertschöpfungsprozesse steuern",
                  "esco_mappings": [
                    {
                      "kompetenz": "Ladengeschäft sauber halten",
                      "uri": "http://data.europa.eu/esco/skill/57c1debf-3867-4e64-baf8-ce70d84f88c9"
                    },
                    {
                      "kompetenz": "verschiedene Kommunikationskanäle verwenden",
                      "uri": "http://data.europa.eu/esco/skill/415abd43-e8e5-4643-b5da-5f11307af57a"
                    }
                  ]
                },
                "dok_lz_2": {
                  "text": "Kosten- und Leistungsrechnung im Teilevertrieb anwenden",
                  "esco_mappings": [
                    {
                      "kompetenz": "Rechenkenntnisse anwenden",
                      "uri": "http://data.europa.eu/esco/skill/5dd01a1e-7ba0-4b7f-a76c-ed811c12bfde"
                    }
                  ]
                },
                "dok_lz_3": {
                  "text": "Wirtschaftlichkeit im Neu- und Gebrauchtfahrzeugvertrieb beurteilen",
                  "esco_mappings": [
                    {
                      "kompetenz": "Ladengeschäft sauber halten",
                      "uri": "http://data.europa.eu/esco/skill/57c1debf-3867-4e64-baf8-ce70d84f88c9"
                    }
                  ]
                },
                "dok_lz_4": {
                  "text": "Kennzahlen zur Erfolgsmessung im Werkstattbereich erstellen",
                  "esco_mappings": [
                    {
                      "kompetenz": "Ladengeschäft sauber halten",
                      "uri": "http://data.europa.eu/esco/skill/57c1debf-3867-4e64-baf8-ce70d84f88c9"
                    }
                  ]
                }
              }
            },
            "3. Ausbildungsjahr": {
              "zeit": {
                "wert": "80",
                "einheit": "Stunden"
              },
              "lernziele": {
                "dok_lz_1": {
                  "text": "Erfolgskennzahlen analysieren und reflektieren",
                  "esco_mappings": [
                    {
                      "kompetenz": "Ladengeschäft sauber halten",
                      "uri": "http://data.europa.eu/esco/skill/57c1debf-3867-4e64-baf8-ce70d84f88c9"
                    }
                  ]
                },
                "dok_lz_2": {
                  "text": "Maßnahmen zur Ergebnisverbesserung vorschlagen",
                  "esco_mappings": [
                    {
                      "kompetenz": "Ladengeschäft sauber halten",
                      "uri": "http://data.europa.eu/esco/skill/57c1debf-3867-4e64-baf8-ce70d84f88c9"
                    },
                    {
                      "kompetenz": "Kunden und Kundinnen Orientierung bei der Produktauswahl bieten",
                      "uri": "http://data.europa.eu/esco/skill/2b69525c-731c-4813-99a7-673fa5679d32"
                    }
                  ]
                },
                "dok_lz_3": {
                  "text": "Wirtschaftliche Einflüsse auf unternehmerische Entscheidungen bewerten",
                  "esco_mappings": [
                    {
                      "kompetenz": "Ladengeschäft sauber halten",
                      "uri": "http://data.europa.eu/esco/skill/57c1debf-3867-4e64-baf8-ce70d84f88c9"
                    }
                  ]
                },
                "dok_lz_4": {
                  "text": "Zusammenhänge zwischen Geschäftsfeldern erkennen und nutzen",
                  "esco_mappings": [
                    {
                      "kompetenz": "Ladengeschäft sauber halten",
                      "uri": "http://data.europa.eu/esco/skill/57c1debf-3867-4e64-baf8-ce70d84f88c9"
                    },
                    {
                      "kompetenz": "Kunden und Kundinnen Orientierung bei der Produktauswahl bieten",
                      "uri": "http://data.europa.eu/esco/skill/2b69525c-731c-4813-99a7-673fa5679d32"
                    }
                  ]
                }
              }
            }
          }
        },
        "Wirtschaftliche Einflüsse auf unternehmerische Entscheidungen beurteilen und danach handeln": {
          "beschreibung": "Wirtschaftliche Einflüsse auf unternehmerische Entscheidungen beurteilen und danach handeln",
          "zeitraeume": {
            "1. - 15. Monat": {
              "zeit": {
                "wert": "80",
                "einheit": "Stunden"
              },
              "lernziele": {
                "dok_lz_1": {
                  "text": "Wirtschaftliche Zusammenhänge im Unternehmen verstehen",
                  "esco_mappings": [
                    {
                      "kompetenz": "Einhaltung der rechtlichen Bestimmungen sicherstellen",
                      "uri": "http://data.europa.eu/esco/skill/1dae8445-12e5-423a-bb26-824010e299b9"
                    }
                  ]
                },
                "dok_lz_2": {
                  "text": "Grundlagen der Marktanalyse anwenden",
                  "esco_mappings": [
                    {
                      "kompetenz": "Ladengeschäft sauber halten",
                      "uri": "http://data.europa.eu/esco/skill/57c1debf-3867-4e64-baf8-ce70d84f88c9"
                    }
                  ]
                }
              }
            },
            "16. - 36. Monat": {
              "zeit": {
                "wert": "80",
                "einheit": "Stunden"
              },
              "lernziele": {
                "dok_lz_1": {
                  "text": "Einflüsse gesamtwirtschaftlicher Rahmenbedingungen analysieren",
                  "esco_mappings": [
                    {
                      "kompetenz": "Einhaltung der rechtlichen Bestimmungen sicherstellen",
                      "uri": "http://data.europa.eu/esco/skill/1dae8445-12e5-423a-bb26-824010e299b9"
                    }
                  ]
                },
                "dok_lz_2": {
                  "text": "Folgen wirtschaftlicher Entscheidungen beurteilen",
                  "esco_mappings": [
                    {
                      "kompetenz": "Einhaltung der rechtlichen Bestimmungen sicherstellen",
                      "uri": "http://data.europa.eu/esco/skill/1dae8445-12e5-423a-bb26-824010e299b9"
                    }
                  ]
                },
                "dok_lz_3": {
                  "text": "Konsequenzen für das unternehmerische Handeln ableiten",
                  "esco_mappings": [
                    {
                      "kompetenz": "Einhaltung der rechtlichen Bestimmungen sicherstellen",
                      "uri": "http://data.europa.eu/esco/skill/1dae8445-12e5-423a-bb26-824010e299b9"
                    }
                  ]
                },
                "dok_lz_4": {
                  "text": "Strategien zur Verbesserung der Unternehmensposition entwickeln",
                  "esco_mappings": [
                    {
                      "kompetenz": "Einhaltung der rechtlichen Bestimmungen sicherstellen",
                      "uri": "http://data.europa.eu/esco/skill/1dae8445-12e5-423a-bb26-824010e299b9"
                    }
                  ]
                }
              }
            }
          }
        },
        "Kommunikationspolitische Maßnahmen gestalten": {
          "beschreibung": "Kommunikationspolitische Maßnahmen gestalten",
          "zeitraeume": {
            "1. Ausbildungsjahr": {
              "zeit": {
                "wert": "60",
                "einheit": "Stunden"
              },
              "lernziele": {
                "dok_lz_1": {
                  "text": "Daten der Marktforschung auswerten",
                  "esco_mappings": [
                    {
                      "kompetenz": "Kundenbedürfnisse feststellen",
                      "uri": "http://data.europa.eu/esco/skill/68698869-c13c-4563-adc7-118b7644f45d"
                    }
                  ]
                },
                "dok_lz_2": {
                  "text": "Kundenbefragungen entwickeln",
                  "esco_mappings": [
                    {
                      "kompetenz": "Kundenbedürfnisse feststellen",
                      "uri": "http://data.europa.eu/esco/skill/68698869-c13c-4563-adc7-118b7644f45d"
                    },
                    {
                      "kompetenz": "verschiedene Kommunikationskanäle verwenden",
                      "uri": "http://data.europa.eu/esco/skill/415abd43-e8e5-4643-b5da-5f11307af57a"
                    }
                  ]
                },
                "dok_lz_3": {
                  "text": "Kundenstruktur analysieren",
                  "esco_mappings": [
                    {
                      "kompetenz": "Kundenbedürfnisse feststellen",
                      "uri": "http://data.europa.eu/esco/skill/68698869-c13c-4563-adc7-118b7644f45d"
                    }
                  ]
                },
                "dok_lz_4": {
                  "text": "Wettbewerber beobachten",
                  "esco_mappings": [
                    {
                      "kompetenz": "Kunden und Kundinnen Orientierung bei der Produktauswahl bieten",
                      "uri": "http://data.europa.eu/esco/skill/2b69525c-731c-4813-99a7-673fa5679d32"
                    }
                  ]
                },
                "dok_lz_5": {
                  "text": "Kundenbeziehungsmanagement umsetzen",
                  "esco_mappings": [
                    {
                      "kompetenz": "Kundenzufriedenheit gewährleisten",
                      "uri": "http://data.europa.eu/esco/skill/00e53a0a-c0ba-4c9f-a2ed-4706d5832a00"
                    }
                  ]
                }
              }
            },
            "2. Ausbildungsjahr": {
              "zeit": {
                "wert": "60",
                "einheit": "Stunden"
              },
              "lernziele": {
                "dok_lz_1": {
                  "text": "Einsatz von Kommunikationsmaßnahmen planen",
                  "esco_mappings": [
                    {
                      "kompetenz": "Werbemaßnahmen für Fahrzeuge durchführen",
                      "uri": "http://data.europa.eu/esco/skill/09f07c6a-866b-4587-a771-45b0cd613540"
                    }
                  ]
                },
                "dok_lz_2": {
                  "text": "Werbeplan erstellen",
                  "esco_mappings": [
                    {
                      "kompetenz": "Werbemaßnahmen für Fahrzeuge durchführen",
                      "uri": "http://data.europa.eu/esco/skill/09f07c6a-866b-4587-a771-45b0cd613540"
                    }
                  ]
                },
                "dok_lz_3": {
                  "text": "Gestaltung von Werbemitteln",
                  "esco_mappings": [
                    {
                      "kompetenz": "Werbemaßnahmen für Fahrzeuge durchführen",
                      "uri": "http://data.europa.eu/esco/skill/09f07c6a-866b-4587-a771-45b0cd613540"
                    }
                  ]
                },
                "dok_lz_4": {
                  "text": "Rechtliche Rahmenbedingungen der Werbung beachten",
                  "esco_mappings": [
                    {
                      "kompetenz": "Einhaltung der rechtlichen Bestimmungen sicherstellen",
                      "uri": "http://data.europa.eu/esco/skill/1dae8445-12e5-423a-bb26-824010e299b9"
                    }
                  ]
                }
              }
            },
            "3. Ausbildungsjahr": {
              "zeit": {
                "wert": "60",
                "einheit": "Stunden"
              },
              "lernziele": {
                "dok_lz_1": {
                  "text": "Präsentation der Arbeitsergebnisse durchführen",
                  "esco_mappings": [
                    {
                      "kompetenz": "Kunden und Kundinnen Orientierung bei der Produktauswahl bieten",
                      "uri": "http://data.europa.eu/esco/skill/2b69525c-731c-4813-99a7-673fa5679d32"
                    }
                  ]
                },
                "dok_lz_2": {
                  "text": "Bewertung des Werbeerfolgs analysieren",
                  "esco_mappings": [
                    {
                      "kompetenz": "Werbemaßnahmen für Fahrzeuge durchführen",
                      "uri": "http://data.europa.eu/esco/skill/09f07c6a-866b-4587-a771-45b0cd613540"
                    }
                  ]
                },
                "dok_lz_3": {
                  "text": "Diskussion über alternative Vorgehensweisen führen",
                  "esco_mappings": [
                    {
                      "kompetenz": "Kundenbedürfnisse feststellen",
                      "uri": "http://data.europa.eu/esco/skill/68698869-c13c-4563-adc7-118b7644f45d"
                    },
                    {
                      "kompetenz": "Kundenzufriedenheit gewährleisten",
                      "uri": "http://data.europa.eu/esco/skill/00e53a0a-c0ba-4c9f-a2ed-4706d5832a00"
                    }
                  ]
                },
                "dok_lz_4": {
                  "text": "Reflexion der kommunikationspolitischen Maßnahmen im Marketing-Mix",
                  "esco_mappings": [
                    {
                      "kompetenz": "Werbemaßnahmen für Fahrzeuge durchführen",
                      "uri": "http://data.europa.eu/esco/skill/09f07c6a-866b-4587-a771-45b0cd613540"
                    }
                  ]
                }
              }
            }
          }
        }
      }
    },
    "esco_daten": {
      "beruf": {
        "uri": "http://data.europa.eu/esco/occupation/6a163fef-dee8-4583-82b0-13b76d8a27b2",
        "titel": "Fachverkäufer für Kraftfahrzeuge/Fachverkäuferin für Kraftfahrzeuge",
        "beschreibung": {
          "literal": "Fachverkäufer für Kraftfahrzeuge verkaufen in Fachgeschäften Autos und Kraftfahrzeuge. \n \n ",
          "mimetype": "plain/text"
        }
      },
      "kompetenzen": {
        "essentiell": {
          "esco_ess_1": {
            "titel": "Verkaufsargumentation",
            "beschreibung": {
              "literal": "Verkaufstechniken und -methoden, die verwendet werden, um Kunden ein Produkt oder eine Dienstleistung überzeugend zu präsentieren und um ihre Erwartungen und Bedürfnisse zu erfüllen.",
              "mimetype": "plain/text"
            },
            "uri": "http://data.europa.eu/esco/skill/0c0488b3-fca5-4deb-865b-8dc605c3d909"
          },
          "esco_ess_2": {
            "titel": "Kunden und Kundinnen über Kraftfahrzeuge beraten",
            "beschreibung": {
              "literal": "Beratung von Kunden in Bezug auf Kraftfahrzeuge sowie die möglichen Optionen und Zubehörteile; Höfliche und verständliche Gestaltung der Kommunikation.",
              "mimetype": "plain/text"
            },
            "uri": "http://data.europa.eu/esco/skill/fa01d9a8-34ee-497f-a8ac-27726695a14d"
          },
          "esco_ess_3": {
            "titel": "Kunden und Kundinnen über Finanzierungsmöglichkeiten für Fahrzeuge beraten",
            "beschreibung": {
              "literal": "Bereitstellung von Finanzierungsmöglichkeiten für Autokäufer und von Garantien für den Kauf von Fahrzeugen; Erstellung aller erforderlichen Unterlagen und Treffen aller Regelungen für die Kfz-Versicherung des Kunden.",
              "mimetype": "plain/text"
            },
            "uri": "http://data.europa.eu/esco/skill/ed6915ee-ef99-4630-ac32-3dfbb6ff64df"
          },
          "esco_ess_4": {
            "titel": "Ladendiebstahl verhindern",
            "beschreibung": {
              "literal": "Erkennung von Ladendieben und der Methoden, mit denen diese den Diebstahl versuchen. Umsetzung von Strategien und Verfahren zum Schutz vor Diebstahl.",
              "mimetype": "plain/text"
            },
            "uri": "http://data.europa.eu/esco/skill/f10cf304-f32c-40ee-97a7-ec8d84d72955"
          },
          "esco_ess_5": {
            "titel": "Merkmale von Dienstleistungen",
            "beschreibung": {
              "literal": "Merkmale einer Dienstleistung, die auch Informationen zum Anwendungsgebiet, zu ihrer Funktion, ihren Eigenschaften, ihrer Nutzung und den Supportanforderungen umfassen kann.",
              "mimetype": "plain/text"
            },
            "uri": "http://data.europa.eu/esco/skill/fb3bc9b5-2297-4bba-85b1-60f696a92db8"
          },
          "esco_ess_6": {
            "titel": "Ware untersuchen",
            "beschreibung": {
              "literal": "Kontrolle, ob zum Verkauf angebotene Waren korrekt bepreist sind und wie beworben funktionieren.",
              "mimetype": "plain/text"
            },
            "uri": "http://data.europa.eu/esco/skill/25fce4fb-35b6-49b6-a4fa-c7aa168fd770"
          },
          "esco_ess_7": {
            "titel": "Lagereinrichtungen organisieren",
            "beschreibung": {
              "literal": "Anordnung des Inhalts eines Lagerbereichs, sodass die Effizienz beim Ein- und Ausgang der gelagerten Gegenstände verbessert wird.",
              "mimetype": "plain/text"
            },
            "uri": "http://data.europa.eu/esco/skill/435efc22-0dcb-487c-b9c4-d4860b6d4c52"
          },
          "esco_ess_8": {
            "titel": "gesetzliche Bestimmungen für Tätigkeiten im Kfz-Einzelhandel",
            "beschreibung": {
              "literal": "Kenntnis der bestehenden Verordnungen und gesetzlichen Bestimmungen; sicherstellen, dass alle Tätigkeiten innerhalb der gesetzlichen Grenzen liegen.",
              "mimetype": "plain/text"
            },
            "uri": "http://data.europa.eu/esco/skill/35df8d0d-3cc7-4c7e-a260-094ab1b1604b"
          },
          "esco_ess_9": {
            "titel": "Beratung zu Fahrzeugmerkmalen leisten",
            "beschreibung": {
              "literal": "Beraten von Kunden hinsichtlich der Merkmale, Funktionen und Bedienelemente eines Fahrzeugs, wie Farben, Sitzarten, Stoffe usw.",
              "mimetype": "plain/text"
            },
            "uri": "http://data.europa.eu/esco/skill/9f94d5f4-ac34-406d-940f-c723976dc8f4"
          },
          "esco_ess_10": {
            "titel": "Kunden und Kundinnen Orientierung bei der Produktauswahl bieten",
            "beschreibung": {
              "literal": "Angemessene Beratung und Unterstützung für Kunden, damit sie genau die Waren und Dienstleistungen erhalten, die sie suchen. Erörterung der Produktauswahl und -verfügbarkeit.",
              "mimetype": "plain/text"
            },
            "uri": "http://data.europa.eu/esco/skill/2b69525c-731c-4813-99a7-673fa5679d32"
          },
          "esco_ess_11": {
            "titel": "Kundenbedürfnisse feststellen",
            "beschreibung": {
              "literal": "Feststellen der Erwartungen, Wünsche und Anforderungen der Kunden in Bezug auf Produkte und Dienstleistungen durch geeignete Fragen und aktives Zuhören.",
              "mimetype": "plain/text"
            },
            "uri": "http://data.europa.eu/esco/skill/68698869-c13c-4563-adc7-118b7644f45d"
          },
          "esco_ess_12": {
            "titel": "Ladengeschäft sauber halten",
            "beschreibung": {
              "literal": "Sauberhalten des Ladengeschäfts durch Staubsaugen und Wischen.",
              "mimetype": "plain/text"
            },
            "uri": "http://data.europa.eu/esco/skill/57c1debf-3867-4e64-baf8-ce70d84f88c9"
          },
          "esco_ess_13": {
            "titel": "verschiedene Kommunikationskanäle verwenden",
            "beschreibung": {
              "literal": "Nutzung verschiedener Kommunikationskanäle, wie mündlich, handschriftlich, digital und telefonisch, zur Erarbeitung und zum Austausch von Ideen oder Informationen.",
              "mimetype": "plain/text"
            },
            "uri": "http://data.europa.eu/esco/skill/415abd43-e8e5-4643-b5da-5f11307af57a"
          },
          "esco_ess_14": {
            "titel": "Merkmale von Produkten vorführen",
            "beschreibung": {
              "literal": "Vorführen der richtigen und sicheren Verwendung eines Produkts, Informieren der Kunden über dessen wichtigste Eigenschaften und Vorzüge, Erläuterung der Bedienung, der bestimmungsgemäßen Verwendung und der korrekten Wartung. Überzeugen potenzieller Kunden, ein Produkt zu kaufen.",
              "mimetype": "plain/text"
            },
            "uri": "http://data.europa.eu/esco/skill/de7b8c6c-9ed4-4776-924c-4265dd1d9cde"
          },
          "esco_ess_15": {
            "titel": "Produktvorbereitung durchführen",
            "beschreibung": {
              "literal": "Zusammenstellen und Vorbereiten von Waren und Präsentieren ihrer Funktionen beim Kunden.",
              "mimetype": "plain/text"
            },
            "uri": "http://data.europa.eu/esco/skill/0675eb6d-7918-4248-917b-dbce45b06901"
          },
          "esco_ess_16": {
            "titel": "Systeme des elektronischen Geschäftsverkehrs",
            "beschreibung": {
              "literal": "Grundlegende digitale Architektur und Transaktionen für den Handel mit Produkten oder Dienstleistungen über Internet, E-Mail, mobile Geräte, soziale Medien usw.",
              "mimetype": "plain/text"
            },
            "uri": "http://data.europa.eu/esco/skill/b1272de4-1f5f-408b-8b26-061f2550fc72"
          },
          "esco_ess_17": {
            "titel": "Produktverständnis",
            "beschreibung": {
              "literal": "Die angebotenen Erzeugnisse, ihre Funktionen, Eigenschaften sowie die rechtlichen und regulatorischen Auflagen.",
              "mimetype": "plain/text"
            },
            "uri": "http://data.europa.eu/esco/skill/d6d3fee7-47e2-47f4-a0ec-6c75f28c6abd"
          },
          "esco_ess_18": {
            "titel": "Einhaltung der rechtlichen Bestimmungen sicherstellen",
            "beschreibung": {
              "literal": "Die Einhaltung festgelegter und geltender Normen und rechtlicher Bestimmungen gewährleisten, z. B. Spezifikationen, Strategien, Normen oder Rechtsvorschriften für das Ziel, das Einrichtungen verfolgen.",
              "mimetype": "plain/text"
            },
            "uri": "http://data.europa.eu/esco/skill/1dae8445-12e5-423a-bb26-824010e299b9"
          },
          "esco_ess_19": {
            "titel": "Kfz-Steuereinrichtungen",
            "beschreibung": {
              "literal": "Funktionsweise spezieller Fahrzeugausrüstung, wie Betrieb und Handhabung der Kupplung, des Gaspedals, der Beleuchtung, der Kontrollleuchten und Messgeräte, der Getriebe und Bremsen.",
              "mimetype": "plain/text"
            },
            "uri": "http://data.europa.eu/esco/skill/1b1c2d44-c487-4121-a2ed-dcda651f4d59"
          },
          "esco_ess_20": {
            "titel": "Warenpräsentation organisieren",
            "beschreibung": {
              "literal": "Präsentieren der Waren auf ansprechende und sichere Weise. Einrichten eines Ladentisches oder einer anderen Ausstellungsfläche für Warenpräsentationen, um die Aufmerksamkeit potenzieller Kunden zu wecken. Aufbauen und Pflegen von Ständen für die Warenauslage. Erstellen und Montieren von Verkaufsstellen und Warenpräsentationen für den Verkauf.",
              "mimetype": "plain/text"
            },
            "uri": "http://data.europa.eu/esco/skill/77a11321-754a-41de-b9e4-80d747f528db"
          },
          "esco_ess_21": {
            "titel": "Regale auffüllen",
            "beschreibung": {
              "literal": "Auffüllen der Regale mit Waren für den Verkauf.",
              "mimetype": "plain/text"
            },
            "uri": "http://data.europa.eu/esco/skill/7e9daad3-8604-4839-af9b-dc6f8db3ef68"
          },
          "esco_ess_22": {
            "titel": "Verkaufsrechnungen ausstellen",
            "beschreibung": {
              "literal": "Ausstellen von Rechnungen für verkaufte Waren oder erbrachte Dienstleistungen unter Angabe der Einzelpreise, der Gesamtsumme und der Zahlungsbedingungen. Auftragsbearbeitung für per Telefon, Fax und Internet eingegangene Bestellungen und Berechnung des endgültigen Rechnungsbetrags für den Kunden.",
              "mimetype": "plain/text"
            },
            "uri": "http://data.europa.eu/esco/skill/e3e42d54-78bd-4337-aa87-bb31a7670c9a"
          },
          "esco_ess_23": {
            "titel": "Kunden und Kundinnen über den Verwendungszweck von Fahrzeugen informieren",
            "beschreibung": {
              "literal": "Beraten von Kunden in Bezug auf die Art der zum Verkauf stehenden Fahrzeuge, wie Motortypen und Kraftstoffarten (Hybrid, Diesel, Strom), sowie Beantworten von Fragen zum Treibstoffverbrauch und zur Größe von Motoren.",
              "mimetype": "plain/text"
            },
            "uri": "http://data.europa.eu/esco/skill/d8624d9f-6acb-49cc-9401-2f1abf96f5de"
          },
          "esco_ess_24": {
            "titel": "Kunden und Kundinnen über zusätzliche Dienstleistungen bei Fahrzeugen informieren",
            "beschreibung": {
              "literal": "Vorschlagen optionaler Dienste und Produkte für Kunden, z. B. Fahrzeugzubehör oder Kundendienstleistungen.",
              "mimetype": "plain/text"
            },
            "uri": "http://data.europa.eu/esco/skill/4ed6d13e-a39e-4033-b1ae-d6f2c616d834"
          },
          "esco_ess_25": {
            "titel": "Auftragsannahme durchführen",
            "beschreibung": {
              "literal": "Annahme von Kaufanträgen für Waren, die derzeit nicht verfügbar sind.",
              "mimetype": "plain/text"
            },
            "uri": "http://data.europa.eu/esco/skill/a89c463d-e6f0-417d-9216-b59b92249226"
          },
          "esco_ess_26": {
            "titel": "Registrierkasse bedienen",
            "beschreibung": {
              "literal": "Erfassen und Abwickeln von Bargeldtransaktionen über die Registrierkasse an der Verkaufsstelle.",
              "mimetype": "plain/text"
            },
            "uri": "http://data.europa.eu/esco/skill/0cb013af-6dd9-4fb2-b34e-63dda1a5cf82"
          },
          "esco_ess_27": {
            "titel": "Rechenkenntnisse anwenden",
            "beschreibung": {
              "literal": "Praktizieren logischen Denkens und Anwendung einfacher oder komplexer Rechenkonzepte und Berechnungen.",
              "mimetype": "plain/text"
            },
            "uri": "http://data.europa.eu/esco/skill/5dd01a1e-7ba0-4b7f-a76c-ed811c12bfde"
          },
          "esco_ess_28": {
            "titel": "Rückerstattungen bearbeiten",
            "beschreibung": {
              "literal": "Bearbeiten von Kundenanfragen in Bezug auf die Rückgabe oder den Umtausch von Waren, Rückerstattungen oder Rechnungsänderungen. Befolgen der Unternehmensvorgaben für diesen Prozess.",
              "mimetype": "plain/text"
            },
            "uri": "http://data.europa.eu/esco/skill/a6d697d1-80ba-4175-82d4-43440ed04270"
          },
          "esco_ess_29": {
            "titel": "Testfahrten regeln",
            "beschreibung": {
              "literal": "Auswählen eines geeigneten Fahrzeugs, Durchführen der Testfahrt und Leiten der Nachbesprechung.",
              "mimetype": "plain/text"
            },
            "uri": "http://data.europa.eu/esco/skill/6662481a-7978-45c3-9cc8-78605db77e79"
          },
          "esco_ess_30": {
            "titel": "Kundenzufriedenheit gewährleisten",
            "beschreibung": {
              "literal": "Professioneller Umgang mit den Erwartungen der Kunden, Antizipieren und Erfüllen ihrer Bedürfnisse und Wünsche. Bereitstellen eines flexiblen Kundendienstes, um Kundenzufriedenheit und Kundenbindung zu gewährleisten.",
              "mimetype": "plain/text"
            },
            "uri": "http://data.europa.eu/esco/skill/00e53a0a-c0ba-4c9f-a2ed-4706d5832a00"
          },
          "esco_ess_31": {
            "titel": "Unterlagen über Fahrzeugübergabe führen",
            "beschreibung": {
              "literal": "Sicherstellen, dass die Unterlagen für die Fahrzeugübergabe richtig und pünktlich ausgestellt werden.",
              "mimetype": "plain/text"
            },
            "uri": "http://data.europa.eu/esco/skill/9938def0-0398-49d6-ae1e-fee16d9ff8b7"
          },
          "esco_ess_32": {
            "titel": "Werbemaßnahmen für Fahrzeuge durchführen",
            "beschreibung": {
              "literal": "Durchführen von Maßnahmen zum Bewerben von Fahrzeugen in verschiedenen Medien, z. B. auf Websites oder in Zeitungen.",
              "mimetype": "plain/text"
            },
            "uri": "http://data.europa.eu/esco/skill/09f07c6a-866b-4587-a771-45b0cd613540"
          },
          "esco_ess_33": {
            "titel": "aktives Verkaufen durchführen",
            "beschreibung": {
              "literal": "Einbringen von Gedanken und Ideen in wirkungsvoller und überzeugender Weise, um die Kunden für neue Produkte und Angebote zu interessieren. Überzeugen der Kunden, dass ein Produkt oder eine Dienstleistung ihren Bedürfnissen entspricht.",
              "mimetype": "plain/text"
            },
            "uri": "http://data.europa.eu/esco/skill/c81c9ea3-4689-4146-9076-24dd175c69bc"
          },
          "esco_ess_34": {
            "titel": "Höhe des Lagerbestands überwachen",
            "beschreibung": {
              "literal": "Ermitteln des verwendeten Lagerbestands, Bestimmen der Nachbestellungen.",
              "mimetype": "plain/text"
            },
            "uri": "http://data.europa.eu/esco/skill/44f6a65f-6be7-4818-9a66-73908797283f"
          },
          "esco_ess_35": {
            "titel": "Fahrzeuge für den Verkauf überprüfen",
            "beschreibung": {
              "literal": "Sicherstellen, dass Fahrzeuge, die zum Verkauf angeboten werden, gründlich auf technische oder kleinere kosmetische Mängel überprüft wurden.",
              "mimetype": "plain/text"
            },
            "uri": "http://data.europa.eu/esco/skill/c43457a0-3958-4ef9-8b33-2f56a06a63ba"
          },
          "esco_ess_36": {
            "titel": "Informationen über Wahlmöglichkeiten bei der Inzahlungnahme übermitteln",
            "beschreibung": {
              "literal": "Informieren von Kunden, die ihren Gebrauchtwagen in Zahlung geben möchten, über ihre Wahlmöglichkeiten; Erörtern aller erforderlichen Dokumente und Unterschriften; Aushandeln von Preisen.",
              "mimetype": "plain/text"
            },
            "uri": "http://data.europa.eu/esco/skill/bafb5f43-4ae7-471b-a20d-d98012313f6c"
          },
          "esco_ess_37": {
            "titel": "neu auf den Markt gekommene Fahrzeuge",
            "beschreibung": {
              "literal": "Jüngste Entwicklungen und Trends in Bezug auf die neuen Fahrzeugtypen und Kraftfahrzeugmarken auf dem Markt.",
              "mimetype": "plain/text"
            },
            "uri": "http://data.europa.eu/esco/skill/1acc3692-efa7-47d0-9deb-062e60b2208f"
          },
          "esco_ess_38": {
            "titel": "Fahrzeugtypen",
            "beschreibung": {
              "literal": "Informationsbereich, der zwischen den Klassifizierungssystemen von Vermietungsagenturen unterscheidet, in denen die Typen und Klassen von Fahrzeugen sowie deren Funktionsweise und Ausstattungsmerkmale enthalten sind.",
              "mimetype": "plain/text"
            },
            "uri": "http://data.europa.eu/esco/skill/4394a7e8-ffec-4062-b679-a2570260a84f"
          },
          "esco_ess_39": {
            "titel": "Merkmale von Erzeugnissen",
            "beschreibung": {
              "literal": "Greifbare Eigenschaften eines Produkts, wie Materialien, Eigenschaften und Funktionen sowie seine verschiedenen Anwendungen, Merkmale, Einsatzmöglichkeiten und Unterstützungsanforderungen.",
              "mimetype": "plain/text"
            },
            "uri": "http://data.europa.eu/esco/skill/1585fc98-bfe4-461f-97fc-734055a2c3ce"
          },
          "esco_ess_40": {
            "titel": "Regelungen für den Kundendienst planen",
            "beschreibung": {
              "literal": "Erzielung einer Übereinkunft mit dem Kunden über Lieferung, Aufbau und Wartung der Waren; Durchführung geeigneter Maßnahmen, um die Lieferung zu gewährleisten.",
              "mimetype": "plain/text"
            },
            "uri": "http://data.europa.eu/esco/skill/efc1d46f-39ab-4c73-ade6-0a99a90dbeba"
          },
          "esco_ess_41": {
            "titel": "Folgedienstleistungen für Kunden und Kundinnen erbringen",
            "beschreibung": {
              "literal": "Registrierung von Kundennachfragen und -beschwerden, Lösung der diesbezüglichen Probleme und Erbringen von Kundendienstleistungen.",
              "mimetype": "plain/text"
            },
            "uri": "http://data.europa.eu/esco/skill/debb8d81-ed7f-447d-853a-5d107fda6fcf"
          }
        },
        "optional": {
          "esco_opt_1": {
            "titel": "Kaufverträge aushandeln",
            "beschreibung": {
              "literal": "Aushandeln einer Vereinbarung zwischen Handelspartnern, deren Schwerpunkt auf den Bedingungen, Spezifikationen, Lieferzeiten, Preisen usw. liegt.",
              "mimetype": "plain/text"
            },
            "uri": "http://data.europa.eu/esco/skill/71152876-b629-4a99-b9ea-0f25a0d07e4e"
          },
          "esco_opt_2": {
            "titel": "an Fahrzeugauktionen teilnehmen",
            "beschreibung": {
              "literal": "Teilnahme an Auktionen, um Fahrzeuge zum Zwecke des Weiterverkaufs zu erwerben, unter Berücksichtigung der tatsächlichen Nachfrage auf dem Markt.",
              "mimetype": "plain/text"
            },
            "uri": "http://data.europa.eu/esco/skill/ed3d1616-58bf-4ef2-8c00-d902168780e5"
          },
          "esco_opt_3": {
            "titel": "Fahrzeuge bestellen",
            "beschreibung": {
              "literal": "Bestellung von Neu- und Gebrauchtfahrzeugen nach geschäftlichen Vorgaben und Verfahren.",
              "mimetype": "plain/text"
            },
            "uri": "http://data.europa.eu/esco/skill/42712170-a746-477c-a102-f153d737f340"
          },
          "esco_opt_4": {
            "titel": "in Eigeninitiative die Sicherung von Verkäufen anstreben",
            "beschreibung": {
              "literal": "Bewirken, dass potenzielle Kunden sich zum Fahrzeugkauf entschließen, proaktives Verkaufen von Zubehör, wie Sitzschonern.",
              "mimetype": "plain/text"
            },
            "uri": "http://data.europa.eu/esco/skill/4934c105-5e90-4874-9957-78eceef1a13c"
          }
        }
      }
    },
    "matching": {}
  }
}