﻿Dokumententyp;Berufsbezeichnung Dokument;Berufsbezeichnung ESCO;Beruf URI ESCO;Lernfelder/Ausbildungsteile;Zeiträume;Zeit;Zeiteinheiten;Lernziel Dokument;Lernziel ESCO Entsprechung;Lernziel ESCO URI
Rahmenlehrplan;Automobilkaufmann/Automobilkauffrau;Fachverkäufer für Kraftfahrzeuge/Fachverkäuferin für Kraftfahrzeuge;http://data.europa.eu/esco/occupation/6a163fef-dee8-4583-82b0-13b76d8a27b2;Den Betrieb präsentieren und die betriebliche Zusammenarbeit mitgestalten;1. Ausbildungsjahr;80;Stunden;Die Stellung von Unternehmen in der Gesamtwirtschaft darstellen;gesetzliche Bestimmungen für Tätigkeiten im Kfz-Einzelhandel;http://data.europa.eu/esco/skill/35df8d0d-3cc7-4c7e-a260-094ab1b1604b
Rahmenlehrplan;Automobilkaufmann/Automobilkauffrau;Fachverkäufer für Kraftfahrzeuge/Fachverkäuferin für Kraftfahrzeuge;http://data.europa.eu/esco/occupation/6a163fef-dee8-4583-82b0-13b76d8a27b2;Den Betrieb präsentieren und die betriebliche Zusammenarbeit mitgestalten;1. Ausbildungsjahr;80;Stunden;Die Stellung von Unternehmen in der Gesamtwirtschaft darstellen;Einhaltung der rechtlichen Bestimmungen sicherstellen;http://data.europa.eu/esco/skill/1dae8445-12e5-423a-bb26-824010e299b9
Rahmenlehrplan;Automobilkaufmann/Automobilkauffrau;Fachverkäufer für Kraftfahrzeuge/Fachverkäuferin für Kraftfahrzeuge;http://data.europa.eu/esco/occupation/6a163fef-dee8-4583-82b0-13b76d8a27b2;Den Betrieb präsentieren und die betriebliche Zusammenarbeit mitgestalten;1. Ausbildungsjahr;80;Stunden;Den Aufbau und die Geschäftsbereiche des Betriebes erläutern;gesetzliche Bestimmungen für Tätigkeiten im Kfz-Einzelhandel;http://data.europa.eu/esco/skill/35df8d0d-3cc7-4c7e-a260-094ab1b1604b
Rahmenlehrplan;Automobilkaufmann/Automobilkauffrau;Fachverkäufer für Kraftfahrzeuge/Fachverkäuferin für Kraftfahrzeuge;http://data.europa.eu/esco/occupation/6a163fef-dee8-4583-82b0-13b76d8a27b2;Den Betrieb präsentieren und die betriebliche Zusammenarbeit mitgestalten;1. Ausbildungsjahr;80;Stunden;Den Aufbau und die Geschäftsbereiche des Betriebes erläutern;Einhaltung der rechtlichen Bestimmungen sicherstellen;http://data.europa.eu/esco/skill/1dae8445-12e5-423a-bb26-824010e299b9
Rahmenlehrplan;Automobilkaufmann/Automobilkauffrau;Fachverkäufer für Kraftfahrzeuge/Fachverkäuferin für Kraftfahrzeuge;http://data.europa.eu/esco/occupation/6a163fef-dee8-4583-82b0-13b76d8a27b2;Den Betrieb präsentieren und die betriebliche Zusammenarbeit mitgestalten;1. Ausbildungsjahr;80;Stunden;Arbeits- und Geschäftsprozesse im Betrieb darstellen;Einhaltung der rechtlichen Bestimmungen sicherstellen;http://data.europa.eu/esco/skill/1dae8445-12e5-423a-bb26-824010e299b9
Rahmenlehrplan;Automobilkaufmann/Automobilkauffrau;Fachverkäufer für Kraftfahrzeuge/Fachverkäuferin für Kraftfahrzeuge;http://data.europa.eu/esco/occupation/6a163fef-dee8-4583-82b0-13b76d8a27b2;Den Betrieb präsentieren und die betriebliche Zusammenarbeit mitgestalten;1. Ausbildungsjahr;80;Stunden;Die eigene Berufsrolle im Betrieb mitgestalten;Kunden und Kundinnen Orientierung bei der Produktauswahl bieten;http://data.europa.eu/esco/skill/2b69525c-731c-4813-99a7-673fa5679d32
Rahmenlehrplan;Automobilkaufmann/Automobilkauffrau;Fachverkäufer für Kraftfahrzeuge/Fachverkäuferin für Kraftfahrzeuge;http://data.europa.eu/esco/occupation/6a163fef-dee8-4583-82b0-13b76d8a27b2;Den Betrieb präsentieren und die betriebliche Zusammenarbeit mitgestalten;1. Ausbildungsjahr;80;Stunden;Die eigene Berufsrolle im Betrieb mitgestalten;Kundenbedürfnisse feststellen;http://data.europa.eu/esco/skill/68698869-c13c-4563-adc7-118b7644f45d
Rahmenlehrplan;Automobilkaufmann/Automobilkauffrau;Fachverkäufer für Kraftfahrzeuge/Fachverkäuferin für Kraftfahrzeuge;http://data.europa.eu/esco/occupation/6a163fef-dee8-4583-82b0-13b76d8a27b2;Den Betrieb präsentieren und die betriebliche Zusammenarbeit mitgestalten;1. Ausbildungsjahr;80;Stunden;Betriebliche Arbeitssicherheits- und Unfallverhütungsvorgaben ermitteln;Einhaltung der rechtlichen Bestimmungen sicherstellen;http://data.europa.eu/esco/skill/1dae8445-12e5-423a-bb26-824010e299b9
Rahmenlehrplan;Automobilkaufmann/Automobilkauffrau;Fachverkäufer für Kraftfahrzeuge/Fachverkäuferin für Kraftfahrzeuge;http://data.europa.eu/esco/occupation/6a163fef-dee8-4583-82b0-13b76d8a27b2;Den Betrieb präsentieren und die betriebliche Zusammenarbeit mitgestalten;1. Ausbildungsjahr;80;Stunden;Aufgaben, Rechte und Pflichten der an der dualen Berufsausbildung beteiligten Personen und Einrichtungen kennen;Einhaltung der rechtlichen Bestimmungen sicherstellen;http://data.europa.eu/esco/skill/1dae8445-12e5-423a-bb26-824010e299b9
Rahmenlehrplan;Automobilkaufmann/Automobilkauffrau;Fachverkäufer für Kraftfahrzeuge/Fachverkäuferin für Kraftfahrzeuge;http://data.europa.eu/esco/occupation/6a163fef-dee8-4583-82b0-13b76d8a27b2;Den Betrieb präsentieren und die betriebliche Zusammenarbeit mitgestalten;1. Ausbildungsjahr;80;Stunden;Kriterienkataloge zur Gestaltung und Durchführung von Präsentationen erstellen;verschiedene Kommunikationskanäle verwenden;http://data.europa.eu/esco/skill/415abd43-e8e5-4643-b5da-5f11307af57a
Rahmenlehrplan;Automobilkaufmann/Automobilkauffrau;Fachverkäufer für Kraftfahrzeuge/Fachverkäuferin für Kraftfahrzeuge;http://data.europa.eu/esco/occupation/6a163fef-dee8-4583-82b0-13b76d8a27b2;Den Betrieb präsentieren und die betriebliche Zusammenarbeit mitgestalten;1. Ausbildungsjahr;80;Stunden;Ergebnisse präsentieren und anhand der Kriterien bewerten;verschiedene Kommunikationskanäle verwenden;http://data.europa.eu/esco/skill/415abd43-e8e5-4643-b5da-5f11307af57a
Rahmenlehrplan;Automobilkaufmann/Automobilkauffrau;Fachverkäufer für Kraftfahrzeuge/Fachverkäuferin für Kraftfahrzeuge;http://data.europa.eu/esco/occupation/6a163fef-dee8-4583-82b0-13b76d8a27b2;Den Betrieb präsentieren und die betriebliche Zusammenarbeit mitgestalten;1. Ausbildungsjahr;80;Stunden;Konstruktiv mit Kritik umgehen;verschiedene Kommunikationskanäle verwenden;http://data.europa.eu/esco/skill/415abd43-e8e5-4643-b5da-5f11307af57a
Rahmenlehrplan;Automobilkaufmann/Automobilkauffrau;Fachverkäufer für Kraftfahrzeuge/Fachverkäuferin für Kraftfahrzeuge;http://data.europa.eu/esco/occupation/6a163fef-dee8-4583-82b0-13b76d8a27b2;Den Betrieb präsentieren und die betriebliche Zusammenarbeit mitgestalten;1. Ausbildungsjahr;80;Stunden;Die eigene Position im Betrieb reflektieren;Kundenbedürfnisse feststellen;http://data.europa.eu/esco/skill/68698869-c13c-4563-adc7-118b7644f45d
Rahmenlehrplan;Automobilkaufmann/Automobilkauffrau;Fachverkäufer für Kraftfahrzeuge/Fachverkäuferin für Kraftfahrzeuge;http://data.europa.eu/esco/occupation/6a163fef-dee8-4583-82b0-13b76d8a27b2;Den Betrieb präsentieren und die betriebliche Zusammenarbeit mitgestalten;1. Ausbildungsjahr;80;Stunden;Gesellschaftliche, ökonomische und ökologische Anforderungen an die Berufsrolle respektieren und eigene Wertvorstellungen ableiten;Kunden und Kundinnen Orientierung bei der Produktauswahl bieten;http://data.europa.eu/esco/skill/2b69525c-731c-4813-99a7-673fa5679d32
Rahmenlehrplan;Automobilkaufmann/Automobilkauffrau;Fachverkäufer für Kraftfahrzeuge/Fachverkäuferin für Kraftfahrzeuge;http://data.europa.eu/esco/occupation/6a163fef-dee8-4583-82b0-13b76d8a27b2;Den Betrieb präsentieren und die betriebliche Zusammenarbeit mitgestalten;1. Ausbildungsjahr;80;Stunden;Gesellschaftliche, ökonomische und ökologische Anforderungen an die Berufsrolle respektieren und eigene Wertvorstellungen ableiten;Kundenbedürfnisse feststellen;http://data.europa.eu/esco/skill/68698869-c13c-4563-adc7-118b7644f45d
Rahmenlehrplan;Automobilkaufmann/Automobilkauffrau;Fachverkäufer für Kraftfahrzeuge/Fachverkäuferin für Kraftfahrzeuge;http://data.europa.eu/esco/occupation/6a163fef-dee8-4583-82b0-13b76d8a27b2;Bestände und Erfolgsvorgänge erfassen und den Jahresabschluss durchführen;1. Ausbildungsjahr;80;Stunden;Bestände und Erfolgsvorgänge erfassen und den Jahresabschluss durchführen;Rechenkenntnisse anwenden;http://data.europa.eu/esco/skill/5dd01a1e-7ba0-4b7f-a76c-ed811c12bfde
Rahmenlehrplan;Automobilkaufmann/Automobilkauffrau;Fachverkäufer für Kraftfahrzeuge/Fachverkäuferin für Kraftfahrzeuge;http://data.europa.eu/esco/occupation/6a163fef-dee8-4583-82b0-13b76d8a27b2;Bestände und Erfolgsvorgänge erfassen und den Jahresabschluss durchführen;1. Ausbildungsjahr;80;Stunden;Grundsätze ordnungsgemäßer Buchführung anwenden;Einhaltung der rechtlichen Bestimmungen sicherstellen;http://data.europa.eu/esco/skill/1dae8445-12e5-423a-bb26-824010e299b9
Rahmenlehrplan;Automobilkaufmann/Automobilkauffrau;Fachverkäufer für Kraftfahrzeuge/Fachverkäuferin für Kraftfahrzeuge;http://data.europa.eu/esco/occupation/6a163fef-dee8-4583-82b0-13b76d8a27b2;Bestände und Erfolgsvorgänge erfassen und den Jahresabschluss durchführen;1. Ausbildungsjahr;80;Stunden;Inventur planen und durchführen;Rechenkenntnisse anwenden;http://data.europa.eu/esco/skill/5dd01a1e-7ba0-4b7f-a76c-ed811c12bfde
Rahmenlehrplan;Automobilkaufmann/Automobilkauffrau;Fachverkäufer für Kraftfahrzeuge/Fachverkäuferin für Kraftfahrzeuge;http://data.europa.eu/esco/occupation/6a163fef-dee8-4583-82b0-13b76d8a27b2;Bestände und Erfolgsvorgänge erfassen und den Jahresabschluss durchführen;1. Ausbildungsjahr;80;Stunden;Bilanz und Inventar erstellen;Rechenkenntnisse anwenden;http://data.europa.eu/esco/skill/5dd01a1e-7ba0-4b7f-a76c-ed811c12bfde
Rahmenlehrplan;Automobilkaufmann/Automobilkauffrau;Fachverkäufer für Kraftfahrzeuge/Fachverkäuferin für Kraftfahrzeuge;http://data.europa.eu/esco/occupation/6a163fef-dee8-4583-82b0-13b76d8a27b2;Bestände und Erfolgsvorgänge erfassen und den Jahresabschluss durchführen;1. Ausbildungsjahr;80;Stunden;Gewinn- und Verlustrechnung anfertigen;Rechenkenntnisse anwenden;http://data.europa.eu/esco/skill/5dd01a1e-7ba0-4b7f-a76c-ed811c12bfde
Rahmenlehrplan;Automobilkaufmann/Automobilkauffrau;Fachverkäufer für Kraftfahrzeuge/Fachverkäuferin für Kraftfahrzeuge;http://data.europa.eu/esco/occupation/6a163fef-dee8-4583-82b0-13b76d8a27b2;Bestände und Erfolgsvorgänge erfassen und den Jahresabschluss durchführen;2. Ausbildungsjahr;80;Stunden;Zahlungseingänge und -ausgänge dokumentieren;Rechenkenntnisse anwenden;http://data.europa.eu/esco/skill/5dd01a1e-7ba0-4b7f-a76c-ed811c12bfde
Rahmenlehrplan;Automobilkaufmann/Automobilkauffrau;Fachverkäufer für Kraftfahrzeuge/Fachverkäuferin für Kraftfahrzeuge;http://data.europa.eu/esco/occupation/6a163fef-dee8-4583-82b0-13b76d8a27b2;Bestände und Erfolgsvorgänge erfassen und den Jahresabschluss durchführen;2. Ausbildungsjahr;80;Stunden;Kassenbuch führen;Rechenkenntnisse anwenden;http://data.europa.eu/esco/skill/5dd01a1e-7ba0-4b7f-a76c-ed811c12bfde
Rahmenlehrplan;Automobilkaufmann/Automobilkauffrau;Fachverkäufer für Kraftfahrzeuge/Fachverkäuferin für Kraftfahrzeuge;http://data.europa.eu/esco/occupation/6a163fef-dee8-4583-82b0-13b76d8a27b2;Bestände und Erfolgsvorgänge erfassen und den Jahresabschluss durchführen;2. Ausbildungsjahr;80;Stunden;Buchungen von Bestands- und Erfolgsvorgängen durchführen;Rechenkenntnisse anwenden;http://data.europa.eu/esco/skill/5dd01a1e-7ba0-4b7f-a76c-ed811c12bfde
Rahmenlehrplan;Automobilkaufmann/Automobilkauffrau;Fachverkäufer für Kraftfahrzeuge/Fachverkäuferin für Kraftfahrzeuge;http://data.europa.eu/esco/occupation/6a163fef-dee8-4583-82b0-13b76d8a27b2;Bestände und Erfolgsvorgänge erfassen und den Jahresabschluss durchführen;3. Ausbildungsjahr;80;Stunden;Jahresabschluss vorbereiten und durchführen;Rechenkenntnisse anwenden;http://data.europa.eu/esco/skill/5dd01a1e-7ba0-4b7f-a76c-ed811c12bfde
Rahmenlehrplan;Automobilkaufmann/Automobilkauffrau;Fachverkäufer für Kraftfahrzeuge/Fachverkäuferin für Kraftfahrzeuge;http://data.europa.eu/esco/occupation/6a163fef-dee8-4583-82b0-13b76d8a27b2;Bestände und Erfolgsvorgänge erfassen und den Jahresabschluss durchführen;3. Ausbildungsjahr;80;Stunden;Buchhaltungsprozesse analysieren und optimieren;Einhaltung der rechtlichen Bestimmungen sicherstellen;http://data.europa.eu/esco/skill/1dae8445-12e5-423a-bb26-824010e299b9
Rahmenlehrplan;Automobilkaufmann/Automobilkauffrau;Fachverkäufer für Kraftfahrzeuge/Fachverkäuferin für Kraftfahrzeuge;http://data.europa.eu/esco/occupation/6a163fef-dee8-4583-82b0-13b76d8a27b2;Bestände und Erfolgsvorgänge erfassen und den Jahresabschluss durchführen;3. Ausbildungsjahr;80;Stunden;Ergebnisse der Buchhaltung für betriebliche Entscheidungen nutzen;Rechenkenntnisse anwenden;http://data.europa.eu/esco/skill/5dd01a1e-7ba0-4b7f-a76c-ed811c12bfde
Rahmenlehrplan;Automobilkaufmann/Automobilkauffrau;Fachverkäufer für Kraftfahrzeuge/Fachverkäuferin für Kraftfahrzeuge;http://data.europa.eu/esco/occupation/6a163fef-dee8-4583-82b0-13b76d8a27b2;Teile und Zubehör beschaffen und lagern;1. Ausbildungsjahr;80;Stunden;Teile und Zubehör beschaffen und lagern;Höhe des Lagerbestands überwachen;http://data.europa.eu/esco/skill/44f6a65f-6be7-4818-9a66-73908797283f
Rahmenlehrplan;Automobilkaufmann/Automobilkauffrau;Fachverkäufer für Kraftfahrzeuge/Fachverkäuferin für Kraftfahrzeuge;http://data.europa.eu/esco/occupation/6a163fef-dee8-4583-82b0-13b76d8a27b2;Teile und Zubehör beschaffen und lagern;1. Ausbildungsjahr;80;Stunden;Bedarf an Teilen und Zubehör analysieren;Kundenbedürfnisse feststellen;http://data.europa.eu/esco/skill/68698869-c13c-4563-adc7-118b7644f45d
Rahmenlehrplan;Automobilkaufmann/Automobilkauffrau;Fachverkäufer für Kraftfahrzeuge/Fachverkäuferin für Kraftfahrzeuge;http://data.europa.eu/esco/occupation/6a163fef-dee8-4583-82b0-13b76d8a27b2;Teile und Zubehör beschaffen und lagern;1. Ausbildungsjahr;80;Stunden;Optimale Bestellmengen und -zeitpunkte bestimmen;Höhe des Lagerbestands überwachen;http://data.europa.eu/esco/skill/44f6a65f-6be7-4818-9a66-73908797283f
Rahmenlehrplan;Automobilkaufmann/Automobilkauffrau;Fachverkäufer für Kraftfahrzeuge/Fachverkäuferin für Kraftfahrzeuge;http://data.europa.eu/esco/occupation/6a163fef-dee8-4583-82b0-13b76d8a27b2;Teile und Zubehör beschaffen und lagern;1. Ausbildungsjahr;80;Stunden;Bezugsquellen recherchieren und Anfragen schreiben;Kaufverträge aushandeln;http://data.europa.eu/esco/skill/71152876-b629-4a99-b9ea-0f25a0d07e4e
Rahmenlehrplan;Automobilkaufmann/Automobilkauffrau;Fachverkäufer für Kraftfahrzeuge/Fachverkäuferin für Kraftfahrzeuge;http://data.europa.eu/esco/occupation/6a163fef-dee8-4583-82b0-13b76d8a27b2;Teile und Zubehör beschaffen und lagern;1. Ausbildungsjahr;80;Stunden;Eingehende Angebote vergleichen und bewerten;Einhaltung der rechtlichen Bestimmungen sicherstellen;http://data.europa.eu/esco/skill/1dae8445-12e5-423a-bb26-824010e299b9
Rahmenlehrplan;Automobilkaufmann/Automobilkauffrau;Fachverkäufer für Kraftfahrzeuge/Fachverkäuferin für Kraftfahrzeuge;http://data.europa.eu/esco/occupation/6a163fef-dee8-4583-82b0-13b76d8a27b2;Teile und Zubehör beschaffen und lagern;1. Ausbildungsjahr;80;Stunden;Lieferanten auswählen und Kaufverträge abschließen;Kaufverträge aushandeln;http://data.europa.eu/esco/skill/71152876-b629-4a99-b9ea-0f25a0d07e4e
Rahmenlehrplan;Automobilkaufmann/Automobilkauffrau;Fachverkäufer für Kraftfahrzeuge/Fachverkäuferin für Kraftfahrzeuge;http://data.europa.eu/esco/occupation/6a163fef-dee8-4583-82b0-13b76d8a27b2;Teile und Zubehör beschaffen und lagern;1. Ausbildungsjahr;80;Stunden;Wareneingang überwachen und Waren einlagern;Höhe des Lagerbestands überwachen;http://data.europa.eu/esco/skill/44f6a65f-6be7-4818-9a66-73908797283f
Rahmenlehrplan;Automobilkaufmann/Automobilkauffrau;Fachverkäufer für Kraftfahrzeuge/Fachverkäuferin für Kraftfahrzeuge;http://data.europa.eu/esco/occupation/6a163fef-dee8-4583-82b0-13b76d8a27b2;Teile und Zubehör beschaffen und lagern;1. Ausbildungsjahr;80;Stunden;Eingangsrechnungen kontrollieren und Zahlungen veranlassen;Einhaltung der rechtlichen Bestimmungen sicherstellen;http://data.europa.eu/esco/skill/1dae8445-12e5-423a-bb26-824010e299b9
Rahmenlehrplan;Automobilkaufmann/Automobilkauffrau;Fachverkäufer für Kraftfahrzeuge/Fachverkäuferin für Kraftfahrzeuge;http://data.europa.eu/esco/occupation/6a163fef-dee8-4583-82b0-13b76d8a27b2;Teile und Zubehör beschaffen und lagern;1. Ausbildungsjahr;80;Stunden;Mangelhafte Leistungen und verspätete Lieferungen bearbeiten;Einhaltung der rechtlichen Bestimmungen sicherstellen;http://data.europa.eu/esco/skill/1dae8445-12e5-423a-bb26-824010e299b9
Rahmenlehrplan;Automobilkaufmann/Automobilkauffrau;Fachverkäufer für Kraftfahrzeuge/Fachverkäuferin für Kraftfahrzeuge;http://data.europa.eu/esco/occupation/6a163fef-dee8-4583-82b0-13b76d8a27b2;Teile und Zubehör beschaffen und lagern;1. Ausbildungsjahr;80;Stunden;Nachhaltigkeit in Beschaffungs- und Lagerprozessen beurteilen;Merkmale von Produkten vorführen;http://data.europa.eu/esco/skill/de7b8c6c-9ed4-4776-924c-4265dd1d9cde
Rahmenlehrplan;Automobilkaufmann/Automobilkauffrau;Fachverkäufer für Kraftfahrzeuge/Fachverkäuferin für Kraftfahrzeuge;http://data.europa.eu/esco/occupation/6a163fef-dee8-4583-82b0-13b76d8a27b2;Teile und Zubehör beschaffen und lagern;1. - 15. Monat;80;Stunden;Kundenwünsche ermitteln und beraten;Kundenbedürfnisse feststellen;http://data.europa.eu/esco/skill/68698869-c13c-4563-adc7-118b7644f45d
Rahmenlehrplan;Automobilkaufmann/Automobilkauffrau;Fachverkäufer für Kraftfahrzeuge/Fachverkäuferin für Kraftfahrzeuge;http://data.europa.eu/esco/occupation/6a163fef-dee8-4583-82b0-13b76d8a27b2;Teile und Zubehör beschaffen und lagern;16. - 36. Monat;80;Stunden;Beschaffungs- und Lagerprozesse optimieren;Höhe des Lagerbestands überwachen;http://data.europa.eu/esco/skill/44f6a65f-6be7-4818-9a66-73908797283f
Rahmenlehrplan;Automobilkaufmann/Automobilkauffrau;Fachverkäufer für Kraftfahrzeuge/Fachverkäuferin für Kraftfahrzeuge;http://data.europa.eu/esco/occupation/6a163fef-dee8-4583-82b0-13b76d8a27b2;Teile und Zubehör beschaffen und lagern;16. - 36. Monat;80;Stunden;Kommunikation mit Vertragspartnern bei Problemen durchführen;verschiedene Kommunikationskanäle verwenden;http://data.europa.eu/esco/skill/415abd43-e8e5-4643-b5da-5f11307af57a
Rahmenlehrplan;Automobilkaufmann/Automobilkauffrau;Fachverkäufer für Kraftfahrzeuge/Fachverkäuferin für Kraftfahrzeuge;http://data.europa.eu/esco/occupation/6a163fef-dee8-4583-82b0-13b76d8a27b2;Teile und Zubehör beschaffen und lagern;16. - 36. Monat;80;Stunden;Mitverantwortung für Umwelt und Wirtschaftlichkeit reflektieren;Merkmale von Produkten vorführen;http://data.europa.eu/esco/skill/de7b8c6c-9ed4-4776-924c-4265dd1d9cde
Rahmenlehrplan;Automobilkaufmann/Automobilkauffrau;Fachverkäufer für Kraftfahrzeuge/Fachverkäuferin für Kraftfahrzeuge;http://data.europa.eu/esco/occupation/6a163fef-dee8-4583-82b0-13b76d8a27b2;Teile und Zubehör verkaufen;1. Ausbildungsjahr;80;Stunden;Teile und Zubehör kundenorientiert verkaufen;Kunden und Kundinnen Orientierung bei der Produktauswahl bieten;http://data.europa.eu/esco/skill/2b69525c-731c-4813-99a7-673fa5679d32
Rahmenlehrplan;Automobilkaufmann/Automobilkauffrau;Fachverkäufer für Kraftfahrzeuge/Fachverkäuferin für Kraftfahrzeuge;http://data.europa.eu/esco/occupation/6a163fef-dee8-4583-82b0-13b76d8a27b2;Teile und Zubehör verkaufen;1. Ausbildungsjahr;80;Stunden;Teile und Zubehör kundenorientiert verkaufen;Kundenzufriedenheit gewährleisten;http://data.europa.eu/esco/skill/00e53a0a-c0ba-4c9f-a2ed-4706d5832a00
Rahmenlehrplan;Automobilkaufmann/Automobilkauffrau;Fachverkäufer für Kraftfahrzeuge/Fachverkäuferin für Kraftfahrzeuge;http://data.europa.eu/esco/occupation/6a163fef-dee8-4583-82b0-13b76d8a27b2;Teile und Zubehör verkaufen;1. Ausbildungsjahr;80;Stunden;Kundenwünsche ermitteln und beraten;Kundenbedürfnisse feststellen;http://data.europa.eu/esco/skill/68698869-c13c-4563-adc7-118b7644f45d
Rahmenlehrplan;Automobilkaufmann/Automobilkauffrau;Fachverkäufer für Kraftfahrzeuge/Fachverkäuferin für Kraftfahrzeuge;http://data.europa.eu/esco/occupation/6a163fef-dee8-4583-82b0-13b76d8a27b2;Teile und Zubehör verkaufen;1. Ausbildungsjahr;80;Stunden;Kundenwünsche ermitteln und beraten;Kunden und Kundinnen über Kraftfahrzeuge beraten;http://data.europa.eu/esco/skill/fa01d9a8-34ee-497f-a8ac-27726695a14d
Rahmenlehrplan;Automobilkaufmann/Automobilkauffrau;Fachverkäufer für Kraftfahrzeuge/Fachverkäuferin für Kraftfahrzeuge;http://data.europa.eu/esco/occupation/6a163fef-dee8-4583-82b0-13b76d8a27b2;Teile und Zubehör verkaufen;1. Ausbildungsjahr;80;Stunden;Sortiment analysieren und Verkaufsraum gestalten;Warenpräsentation organisieren;http://data.europa.eu/esco/skill/77a11321-754a-41de-b9e4-80d747f528db
Rahmenlehrplan;Automobilkaufmann/Automobilkauffrau;Fachverkäufer für Kraftfahrzeuge/Fachverkäuferin für Kraftfahrzeuge;http://data.europa.eu/esco/occupation/6a163fef-dee8-4583-82b0-13b76d8a27b2;Teile und Zubehör verkaufen;1. Ausbildungsjahr;80;Stunden;Gesprächstechniken anwenden und auf Kundeneinwände reagieren;verschiedene Kommunikationskanäle verwenden;http://data.europa.eu/esco/skill/415abd43-e8e5-4643-b5da-5f11307af57a
Rahmenlehrplan;Automobilkaufmann/Automobilkauffrau;Fachverkäufer für Kraftfahrzeuge/Fachverkäuferin für Kraftfahrzeuge;http://data.europa.eu/esco/occupation/6a163fef-dee8-4583-82b0-13b76d8a27b2;Teile und Zubehör verkaufen;1. Ausbildungsjahr;80;Stunden;Rechnungen und Lieferscheine erstellen;Verkaufsrechnungen ausstellen;http://data.europa.eu/esco/skill/e3e42d54-78bd-4337-aa87-bb31a7670c9a
Rahmenlehrplan;Automobilkaufmann/Automobilkauffrau;Fachverkäufer für Kraftfahrzeuge/Fachverkäuferin für Kraftfahrzeuge;http://data.europa.eu/esco/occupation/6a163fef-dee8-4583-82b0-13b76d8a27b2;Teile und Zubehör verkaufen;1. Ausbildungsjahr;80;Stunden;Zahlungsmöglichkeiten anbieten und buchen;Registrierkasse bedienen;http://data.europa.eu/esco/skill/0cb013af-6dd9-4fb2-b34e-63dda1a5cf82
Rahmenlehrplan;Automobilkaufmann/Automobilkauffrau;Fachverkäufer für Kraftfahrzeuge/Fachverkäuferin für Kraftfahrzeuge;http://data.europa.eu/esco/occupation/6a163fef-dee8-4583-82b0-13b76d8a27b2;Teile und Zubehör verkaufen;1. Ausbildungsjahr;80;Stunden;Zahlungsmöglichkeiten anbieten und buchen;Rechenkenntnisse anwenden;http://data.europa.eu/esco/skill/5dd01a1e-7ba0-4b7f-a76c-ed811c12bfde
Rahmenlehrplan;Automobilkaufmann/Automobilkauffrau;Fachverkäufer für Kraftfahrzeuge/Fachverkäuferin für Kraftfahrzeuge;http://data.europa.eu/esco/occupation/6a163fef-dee8-4583-82b0-13b76d8a27b2;Teile und Zubehör verkaufen;1. Ausbildungsjahr;80;Stunden;Kaufverträge überwachen und Lösungsvorschläge entwickeln;Kaufverträge aushandeln;http://data.europa.eu/esco/skill/71152876-b629-4a99-b9ea-0f25a0d07e4e
Rahmenlehrplan;Automobilkaufmann/Automobilkauffrau;Fachverkäufer für Kraftfahrzeuge/Fachverkäuferin für Kraftfahrzeuge;http://data.europa.eu/esco/occupation/6a163fef-dee8-4583-82b0-13b76d8a27b2;Teile und Zubehör verkaufen;1. Ausbildungsjahr;80;Stunden;Verkaufsprozesse hinsichtlich Wirtschaftlichkeit reflektieren;gesetzliche Bestimmungen für Tätigkeiten im Kfz-Einzelhandel;http://data.europa.eu/esco/skill/35df8d0d-3cc7-4c7e-a260-094ab1b1604b
Rahmenlehrplan;Automobilkaufmann/Automobilkauffrau;Fachverkäufer für Kraftfahrzeuge/Fachverkäuferin für Kraftfahrzeuge;http://data.europa.eu/esco/occupation/6a163fef-dee8-4583-82b0-13b76d8a27b2;Teile und Zubehör verkaufen;2. Ausbildungsjahr;80;Stunden;Komplexe Kundenberatung durchführen;Kunden und Kundinnen über Kraftfahrzeuge beraten;http://data.europa.eu/esco/skill/fa01d9a8-34ee-497f-a8ac-27726695a14d
Rahmenlehrplan;Automobilkaufmann/Automobilkauffrau;Fachverkäufer für Kraftfahrzeuge/Fachverkäuferin für Kraftfahrzeuge;http://data.europa.eu/esco/occupation/6a163fef-dee8-4583-82b0-13b76d8a27b2;Teile und Zubehör verkaufen;2. Ausbildungsjahr;80;Stunden;Werkstattaufträge und kaufmännische Prozesse organisieren;Folgedienstleistungen für Kunden und Kundinnen erbringen;http://data.europa.eu/esco/skill/debb8d81-ed7f-447d-853a-5d107fda6fcf
Rahmenlehrplan;Automobilkaufmann/Automobilkauffrau;Fachverkäufer für Kraftfahrzeuge/Fachverkäuferin für Kraftfahrzeuge;http://data.europa.eu/esco/occupation/6a163fef-dee8-4583-82b0-13b76d8a27b2;Teile und Zubehör verkaufen;2. Ausbildungsjahr;80;Stunden;Kundenmobilität sicherstellen und Informationen bereitstellen;Kunden und Kundinnen über zusätzliche Dienstleistungen bei Fahrzeugen informieren;http://data.europa.eu/esco/skill/4ed6d13e-a39e-4033-b1ae-d6f2c616d834
Rahmenlehrplan;Automobilkaufmann/Automobilkauffrau;Fachverkäufer für Kraftfahrzeuge/Fachverkäuferin für Kraftfahrzeuge;http://data.europa.eu/esco/occupation/6a163fef-dee8-4583-82b0-13b76d8a27b2;Teile und Zubehör verkaufen;2. Ausbildungsjahr;80;Stunden;Reklamationsgespräche führen und koordinieren;Kundenzufriedenheit gewährleisten;http://data.europa.eu/esco/skill/00e53a0a-c0ba-4c9f-a2ed-4706d5832a00
Rahmenlehrplan;Automobilkaufmann/Automobilkauffrau;Fachverkäufer für Kraftfahrzeuge/Fachverkäuferin für Kraftfahrzeuge;http://data.europa.eu/esco/occupation/6a163fef-dee8-4583-82b0-13b76d8a27b2;Teile und Zubehör verkaufen;2. Ausbildungsjahr;80;Stunden;Kundenzufriedenheit ermitteln und auswerten;Kundenzufriedenheit gewährleisten;http://data.europa.eu/esco/skill/00e53a0a-c0ba-4c9f-a2ed-4706d5832a00
Rahmenlehrplan;Automobilkaufmann/Automobilkauffrau;Fachverkäufer für Kraftfahrzeuge/Fachverkäuferin für Kraftfahrzeuge;http://data.europa.eu/esco/occupation/6a163fef-dee8-4583-82b0-13b76d8a27b2;Teile und Zubehör verkaufen;3. Ausbildungsjahr;80;Stunden;Verkaufsstrategien entwickeln und umsetzen;Werbemaßnahmen für Fahrzeuge durchführen;http://data.europa.eu/esco/skill/09f07c6a-866b-4587-a771-45b0cd613540
Rahmenlehrplan;Automobilkaufmann/Automobilkauffrau;Fachverkäufer für Kraftfahrzeuge/Fachverkäuferin für Kraftfahrzeuge;http://data.europa.eu/esco/occupation/6a163fef-dee8-4583-82b0-13b76d8a27b2;Teile und Zubehör verkaufen;3. Ausbildungsjahr;80;Stunden;Marktforschung betreiben und Kundenbindung fördern;Kunden und Kundinnen Orientierung bei der Produktauswahl bieten;http://data.europa.eu/esco/skill/2b69525c-731c-4813-99a7-673fa5679d32
Rahmenlehrplan;Automobilkaufmann/Automobilkauffrau;Fachverkäufer für Kraftfahrzeuge/Fachverkäuferin für Kraftfahrzeuge;http://data.europa.eu/esco/occupation/6a163fef-dee8-4583-82b0-13b76d8a27b2;Teile und Zubehör verkaufen;3. Ausbildungsjahr;80;Stunden;Finanzdienstleistungen im Verkauf integrieren;Kunden und Kundinnen über Finanzierungsmöglichkeiten für Fahrzeuge beraten;http://data.europa.eu/esco/skill/ed6915ee-ef99-4630-ac32-3dfbb6ff64df
Rahmenlehrplan;Automobilkaufmann/Automobilkauffrau;Fachverkäufer für Kraftfahrzeuge/Fachverkäuferin für Kraftfahrzeuge;http://data.europa.eu/esco/occupation/6a163fef-dee8-4583-82b0-13b76d8a27b2;Teile und Zubehör verkaufen;3. Ausbildungsjahr;80;Stunden;Eigenverantwortung im Verkaufsprozess reflektieren und optimieren;Verkaufsargumentation;http://data.europa.eu/esco/skill/0c0488b3-fca5-4deb-865b-8dc605c3d909
Rahmenlehrplan;Automobilkaufmann/Automobilkauffrau;Fachverkäufer für Kraftfahrzeuge/Fachverkäuferin für Kraftfahrzeuge;http://data.europa.eu/esco/occupation/6a163fef-dee8-4583-82b0-13b76d8a27b2;Teile und Zubehör verkaufen;3. Ausbildungsjahr;80;Stunden;Eigenverantwortung im Verkaufsprozess reflektieren und optimieren;Kundenzufriedenheit gewährleisten;http://data.europa.eu/esco/skill/00e53a0a-c0ba-4c9f-a2ed-4706d5832a00
Rahmenlehrplan;Automobilkaufmann/Automobilkauffrau;Fachverkäufer für Kraftfahrzeuge/Fachverkäuferin für Kraftfahrzeuge;http://data.europa.eu/esco/occupation/6a163fef-dee8-4583-82b0-13b76d8a27b2;Werkstattaufträge entgegennehmen und kaufmännische Geschäftsprozesse organisieren;1. Ausbildungsjahr;120;Stunden;Kundenwünsche ermitteln und Kunden beraten;Kunden und Kundinnen über Kraftfahrzeuge beraten;http://data.europa.eu/esco/skill/fa01d9a8-34ee-497f-a8ac-27726695a14d
Rahmenlehrplan;Automobilkaufmann/Automobilkauffrau;Fachverkäufer für Kraftfahrzeuge/Fachverkäuferin für Kraftfahrzeuge;http://data.europa.eu/esco/occupation/6a163fef-dee8-4583-82b0-13b76d8a27b2;Werkstattaufträge entgegennehmen und kaufmännische Geschäftsprozesse organisieren;1. Ausbildungsjahr;120;Stunden;Kundenwünsche ermitteln und Kunden beraten;Kunden und Kundinnen Orientierung bei der Produktauswahl bieten;http://data.europa.eu/esco/skill/2b69525c-731c-4813-99a7-673fa5679d32
Rahmenlehrplan;Automobilkaufmann/Automobilkauffrau;Fachverkäufer für Kraftfahrzeuge/Fachverkäuferin für Kraftfahrzeuge;http://data.europa.eu/esco/occupation/6a163fef-dee8-4583-82b0-13b76d8a27b2;Werkstattaufträge entgegennehmen und kaufmännische Geschäftsprozesse organisieren;1. Ausbildungsjahr;120;Stunden;Kundenwünsche ermitteln und Kunden beraten;Kundenbedürfnisse feststellen;http://data.europa.eu/esco/skill/68698869-c13c-4563-adc7-118b7644f45d
Rahmenlehrplan;Automobilkaufmann/Automobilkauffrau;Fachverkäufer für Kraftfahrzeuge/Fachverkäuferin für Kraftfahrzeuge;http://data.europa.eu/esco/occupation/6a163fef-dee8-4583-82b0-13b76d8a27b2;Werkstattaufträge entgegennehmen und kaufmännische Geschäftsprozesse organisieren;1. Ausbildungsjahr;120;Stunden;Kundenwünsche ermitteln und Kunden beraten;Kundenzufriedenheit gewährleisten;http://data.europa.eu/esco/skill/00e53a0a-c0ba-4c9f-a2ed-4706d5832a00
Rahmenlehrplan;Automobilkaufmann/Automobilkauffrau;Fachverkäufer für Kraftfahrzeuge/Fachverkäuferin für Kraftfahrzeuge;http://data.europa.eu/esco/occupation/6a163fef-dee8-4583-82b0-13b76d8a27b2;Werkstattaufträge entgegennehmen und kaufmännische Geschäftsprozesse organisieren;1. Ausbildungsjahr;120;Stunden;Teile und Zubehör beschaffen und lagern;Lagereinrichtungen organisieren;http://data.europa.eu/esco/skill/435efc22-0dcb-487c-b9c4-d4860b6d4c52
Rahmenlehrplan;Automobilkaufmann/Automobilkauffrau;Fachverkäufer für Kraftfahrzeuge/Fachverkäuferin für Kraftfahrzeuge;http://data.europa.eu/esco/occupation/6a163fef-dee8-4583-82b0-13b76d8a27b2;Werkstattaufträge entgegennehmen und kaufmännische Geschäftsprozesse organisieren;1. Ausbildungsjahr;120;Stunden;Teile und Zubehör beschaffen und lagern;gesetzliche Bestimmungen für Tätigkeiten im Kfz-Einzelhandel;http://data.europa.eu/esco/skill/35df8d0d-3cc7-4c7e-a260-094ab1b1604b
Rahmenlehrplan;Automobilkaufmann/Automobilkauffrau;Fachverkäufer für Kraftfahrzeuge/Fachverkäuferin für Kraftfahrzeuge;http://data.europa.eu/esco/occupation/6a163fef-dee8-4583-82b0-13b76d8a27b2;Werkstattaufträge entgegennehmen und kaufmännische Geschäftsprozesse organisieren;1. Ausbildungsjahr;120;Stunden;Teile und Zubehör beschaffen und lagern;Höhe des Lagerbestands überwachen;http://data.europa.eu/esco/skill/44f6a65f-6be7-4818-9a66-73908797283f
Rahmenlehrplan;Automobilkaufmann/Automobilkauffrau;Fachverkäufer für Kraftfahrzeuge/Fachverkäuferin für Kraftfahrzeuge;http://data.europa.eu/esco/occupation/6a163fef-dee8-4583-82b0-13b76d8a27b2;Werkstattaufträge entgegennehmen und kaufmännische Geschäftsprozesse organisieren;1. Ausbildungsjahr;120;Stunden;Teile und Zubehör verkaufen;Verkaufsrechnungen ausstellen;http://data.europa.eu/esco/skill/e3e42d54-78bd-4337-aa87-bb31a7670c9a
Rahmenlehrplan;Automobilkaufmann/Automobilkauffrau;Fachverkäufer für Kraftfahrzeuge/Fachverkäuferin für Kraftfahrzeuge;http://data.europa.eu/esco/occupation/6a163fef-dee8-4583-82b0-13b76d8a27b2;Werkstattaufträge entgegennehmen und kaufmännische Geschäftsprozesse organisieren;1. Ausbildungsjahr;120;Stunden;Teile und Zubehör verkaufen;aktives Verkaufen durchführen;http://data.europa.eu/esco/skill/c81c9ea3-4689-4146-9076-24dd175c69bc
Rahmenlehrplan;Automobilkaufmann/Automobilkauffrau;Fachverkäufer für Kraftfahrzeuge/Fachverkäuferin für Kraftfahrzeuge;http://data.europa.eu/esco/occupation/6a163fef-dee8-4583-82b0-13b76d8a27b2;Werkstattaufträge entgegennehmen und kaufmännische Geschäftsprozesse organisieren;1. Ausbildungsjahr;120;Stunden;Bestände und Erfolgsvorgänge erfassen;Ladendiebstahl verhindern;http://data.europa.eu/esco/skill/f10cf304-f32c-40ee-97a7-ec8d84d72955
Rahmenlehrplan;Automobilkaufmann/Automobilkauffrau;Fachverkäufer für Kraftfahrzeuge/Fachverkäuferin für Kraftfahrzeuge;http://data.europa.eu/esco/occupation/6a163fef-dee8-4583-82b0-13b76d8a27b2;Werkstattaufträge entgegennehmen und kaufmännische Geschäftsprozesse organisieren;1. Ausbildungsjahr;120;Stunden;Bestände und Erfolgsvorgänge erfassen;Kunden und Kundinnen Orientierung bei der Produktauswahl bieten;http://data.europa.eu/esco/skill/2b69525c-731c-4813-99a7-673fa5679d32
Rahmenlehrplan;Automobilkaufmann/Automobilkauffrau;Fachverkäufer für Kraftfahrzeuge/Fachverkäuferin für Kraftfahrzeuge;http://data.europa.eu/esco/occupation/6a163fef-dee8-4583-82b0-13b76d8a27b2;Werkstattaufträge entgegennehmen und kaufmännische Geschäftsprozesse organisieren;1. Ausbildungsjahr;120;Stunden;Bestände und Erfolgsvorgänge erfassen;Höhe des Lagerbestands überwachen;http://data.europa.eu/esco/skill/44f6a65f-6be7-4818-9a66-73908797283f
Rahmenlehrplan;Automobilkaufmann/Automobilkauffrau;Fachverkäufer für Kraftfahrzeuge/Fachverkäuferin für Kraftfahrzeuge;http://data.europa.eu/esco/occupation/6a163fef-dee8-4583-82b0-13b76d8a27b2;Werkstattaufträge entgegennehmen und kaufmännische Geschäftsprozesse organisieren;2. Ausbildungsjahr;120;Stunden;Werkstattaufträge entgegennehmen und kaufmännische Geschäftsprozesse organisieren;Kunden und Kundinnen Orientierung bei der Produktauswahl bieten;http://data.europa.eu/esco/skill/2b69525c-731c-4813-99a7-673fa5679d32
Rahmenlehrplan;Automobilkaufmann/Automobilkauffrau;Fachverkäufer für Kraftfahrzeuge/Fachverkäuferin für Kraftfahrzeuge;http://data.europa.eu/esco/occupation/6a163fef-dee8-4583-82b0-13b76d8a27b2;Werkstattaufträge entgegennehmen und kaufmännische Geschäftsprozesse organisieren;2. Ausbildungsjahr;120;Stunden;Werkstattaufträge entgegennehmen und kaufmännische Geschäftsprozesse organisieren;Auftragsannahme durchführen;http://data.europa.eu/esco/skill/a89c463d-e6f0-417d-9216-b59b92249226
Rahmenlehrplan;Automobilkaufmann/Automobilkauffrau;Fachverkäufer für Kraftfahrzeuge/Fachverkäuferin für Kraftfahrzeuge;http://data.europa.eu/esco/occupation/6a163fef-dee8-4583-82b0-13b76d8a27b2;Werkstattaufträge entgegennehmen und kaufmännische Geschäftsprozesse organisieren;2. Ausbildungsjahr;120;Stunden;Kostenvoranschläge und Aufträge erstellen;Kaufverträge aushandeln;http://data.europa.eu/esco/skill/71152876-b629-4a99-b9ea-0f25a0d07e4e
Rahmenlehrplan;Automobilkaufmann/Automobilkauffrau;Fachverkäufer für Kraftfahrzeuge/Fachverkäuferin für Kraftfahrzeuge;http://data.europa.eu/esco/occupation/6a163fef-dee8-4583-82b0-13b76d8a27b2;Werkstattaufträge entgegennehmen und kaufmännische Geschäftsprozesse organisieren;2. Ausbildungsjahr;120;Stunden;Kundengespräche führen und Rechnungen erläutern;Kunden und Kundinnen über Kraftfahrzeuge beraten;http://data.europa.eu/esco/skill/fa01d9a8-34ee-497f-a8ac-27726695a14d
Rahmenlehrplan;Automobilkaufmann/Automobilkauffrau;Fachverkäufer für Kraftfahrzeuge/Fachverkäuferin für Kraftfahrzeuge;http://data.europa.eu/esco/occupation/6a163fef-dee8-4583-82b0-13b76d8a27b2;Werkstattaufträge entgegennehmen und kaufmännische Geschäftsprozesse organisieren;2. Ausbildungsjahr;120;Stunden;Kundengespräche führen und Rechnungen erläutern;Kunden und Kundinnen Orientierung bei der Produktauswahl bieten;http://data.europa.eu/esco/skill/2b69525c-731c-4813-99a7-673fa5679d32
Rahmenlehrplan;Automobilkaufmann/Automobilkauffrau;Fachverkäufer für Kraftfahrzeuge/Fachverkäuferin für Kraftfahrzeuge;http://data.europa.eu/esco/occupation/6a163fef-dee8-4583-82b0-13b76d8a27b2;Werkstattaufträge entgegennehmen und kaufmännische Geschäftsprozesse organisieren;2. Ausbildungsjahr;120;Stunden;Kundengespräche führen und Rechnungen erläutern;Kundenzufriedenheit gewährleisten;http://data.europa.eu/esco/skill/00e53a0a-c0ba-4c9f-a2ed-4706d5832a00
Rahmenlehrplan;Automobilkaufmann/Automobilkauffrau;Fachverkäufer für Kraftfahrzeuge/Fachverkäuferin für Kraftfahrzeuge;http://data.europa.eu/esco/occupation/6a163fef-dee8-4583-82b0-13b76d8a27b2;Werkstattaufträge entgegennehmen und kaufmännische Geschäftsprozesse organisieren;2. Ausbildungsjahr;120;Stunden;Termine koordinieren und Auftragsabläufe organisieren;Kunden und Kundinnen Orientierung bei der Produktauswahl bieten;http://data.europa.eu/esco/skill/2b69525c-731c-4813-99a7-673fa5679d32
Rahmenlehrplan;Automobilkaufmann/Automobilkauffrau;Fachverkäufer für Kraftfahrzeuge/Fachverkäuferin für Kraftfahrzeuge;http://data.europa.eu/esco/occupation/6a163fef-dee8-4583-82b0-13b76d8a27b2;Werkstattaufträge entgegennehmen und kaufmännische Geschäftsprozesse organisieren;2. Ausbildungsjahr;120;Stunden;Termine koordinieren und Auftragsabläufe organisieren;Auftragsannahme durchführen;http://data.europa.eu/esco/skill/a89c463d-e6f0-417d-9216-b59b92249226
Rahmenlehrplan;Automobilkaufmann/Automobilkauffrau;Fachverkäufer für Kraftfahrzeuge/Fachverkäuferin für Kraftfahrzeuge;http://data.europa.eu/esco/occupation/6a163fef-dee8-4583-82b0-13b76d8a27b2;Werkstattaufträge entgegennehmen und kaufmännische Geschäftsprozesse organisieren;3. Ausbildungsjahr;120;Stunden;Personalwirtschaftliche Aufgaben wahrnehmen;Beratung zu Fahrzeugmerkmalen leisten;http://data.europa.eu/esco/skill/9f94d5f4-ac34-406d-940f-c723976dc8f4
Rahmenlehrplan;Automobilkaufmann/Automobilkauffrau;Fachverkäufer für Kraftfahrzeuge/Fachverkäuferin für Kraftfahrzeuge;http://data.europa.eu/esco/occupation/6a163fef-dee8-4583-82b0-13b76d8a27b2;Werkstattaufträge entgegennehmen und kaufmännische Geschäftsprozesse organisieren;3. Ausbildungsjahr;120;Stunden;Personalwirtschaftliche Aufgaben wahrnehmen;Ladengeschäft sauber halten;http://data.europa.eu/esco/skill/57c1debf-3867-4e64-baf8-ce70d84f88c9
Rahmenlehrplan;Automobilkaufmann/Automobilkauffrau;Fachverkäufer für Kraftfahrzeuge/Fachverkäuferin für Kraftfahrzeuge;http://data.europa.eu/esco/occupation/6a163fef-dee8-4583-82b0-13b76d8a27b2;Werkstattaufträge entgegennehmen und kaufmännische Geschäftsprozesse organisieren;3. Ausbildungsjahr;120;Stunden;Kaufmännische Steuerung und Kontrolle unterstützen;Kunden und Kundinnen Orientierung bei der Produktauswahl bieten;http://data.europa.eu/esco/skill/2b69525c-731c-4813-99a7-673fa5679d32
Rahmenlehrplan;Automobilkaufmann/Automobilkauffrau;Fachverkäufer für Kraftfahrzeuge/Fachverkäuferin für Kraftfahrzeuge;http://data.europa.eu/esco/occupation/6a163fef-dee8-4583-82b0-13b76d8a27b2;Werkstattaufträge entgegennehmen und kaufmännische Geschäftsprozesse organisieren;3. Ausbildungsjahr;120;Stunden;Kaufmännische Steuerung und Kontrolle unterstützen;Einhaltung der rechtlichen Bestimmungen sicherstellen;http://data.europa.eu/esco/skill/1dae8445-12e5-423a-bb26-824010e299b9
Rahmenlehrplan;Automobilkaufmann/Automobilkauffrau;Fachverkäufer für Kraftfahrzeuge/Fachverkäuferin für Kraftfahrzeuge;http://data.europa.eu/esco/occupation/6a163fef-dee8-4583-82b0-13b76d8a27b2;Werkstattaufträge entgegennehmen und kaufmännische Geschäftsprozesse organisieren;3. Ausbildungsjahr;120;Stunden;Wirtschaftliche Einflüsse auf Entscheidungen beurteilen;Kundenbedürfnisse feststellen;http://data.europa.eu/esco/skill/68698869-c13c-4563-adc7-118b7644f45d
Rahmenlehrplan;Automobilkaufmann/Automobilkauffrau;Fachverkäufer für Kraftfahrzeuge/Fachverkäuferin für Kraftfahrzeuge;http://data.europa.eu/esco/occupation/6a163fef-dee8-4583-82b0-13b76d8a27b2;Werkstattaufträge entgegennehmen und kaufmännische Geschäftsprozesse organisieren;3. Ausbildungsjahr;120;Stunden;Wirtschaftliche Einflüsse auf Entscheidungen beurteilen;Ladengeschäft sauber halten;http://data.europa.eu/esco/skill/57c1debf-3867-4e64-baf8-ce70d84f88c9
Rahmenlehrplan;Automobilkaufmann/Automobilkauffrau;Fachverkäufer für Kraftfahrzeuge/Fachverkäuferin für Kraftfahrzeuge;http://data.europa.eu/esco/occupation/6a163fef-dee8-4583-82b0-13b76d8a27b2;Werkstattaufträge entgegennehmen und kaufmännische Geschäftsprozesse organisieren;3. Ausbildungsjahr;120;Stunden;Kommunikationspolitische Maßnahmen gestalten;Werbemaßnahmen für Fahrzeuge durchführen;http://data.europa.eu/esco/skill/09f07c6a-866b-4587-a771-45b0cd613540
Rahmenlehrplan;Automobilkaufmann/Automobilkauffrau;Fachverkäufer für Kraftfahrzeuge/Fachverkäuferin für Kraftfahrzeuge;http://data.europa.eu/esco/occupation/6a163fef-dee8-4583-82b0-13b76d8a27b2;Neufahrzeuge disponieren und den Verkaufsprozess durchführen;1. Ausbildungsjahr;40;Stunden;Neufahrzeuge disponieren und den Verkaufsprozess durchführen;-;-
Rahmenlehrplan;Automobilkaufmann/Automobilkauffrau;Fachverkäufer für Kraftfahrzeuge/Fachverkäuferin für Kraftfahrzeuge;http://data.europa.eu/esco/occupation/6a163fef-dee8-4583-82b0-13b76d8a27b2;Neufahrzeuge disponieren und den Verkaufsprozess durchführen;2. Ausbildungsjahr;40;Stunden;Neufahrzeuge disponieren und den Verkaufsprozess durchführen;Kunden und Kundinnen über Kraftfahrzeuge beraten;http://data.europa.eu/esco/skill/fa01d9a8-34ee-497f-a8ac-27726695a14d
Rahmenlehrplan;Automobilkaufmann/Automobilkauffrau;Fachverkäufer für Kraftfahrzeuge/Fachverkäuferin für Kraftfahrzeuge;http://data.europa.eu/esco/occupation/6a163fef-dee8-4583-82b0-13b76d8a27b2;Neufahrzeuge disponieren und den Verkaufsprozess durchführen;2. Ausbildungsjahr;40;Stunden;Neufahrzeuge disponieren und den Verkaufsprozess durchführen;Kunden und Kundinnen über Finanzierungsmöglichkeiten für Fahrzeuge beraten;http://data.europa.eu/esco/skill/ed6915ee-ef99-4630-ac32-3dfbb6ff64df
Rahmenlehrplan;Automobilkaufmann/Automobilkauffrau;Fachverkäufer für Kraftfahrzeuge/Fachverkäuferin für Kraftfahrzeuge;http://data.europa.eu/esco/occupation/6a163fef-dee8-4583-82b0-13b76d8a27b2;Neufahrzeuge disponieren und den Verkaufsprozess durchführen;2. Ausbildungsjahr;40;Stunden;Neufahrzeuge disponieren und den Verkaufsprozess durchführen;Kunden und Kundinnen Orientierung bei der Produktauswahl bieten;http://data.europa.eu/esco/skill/2b69525c-731c-4813-99a7-673fa5679d32
Rahmenlehrplan;Automobilkaufmann/Automobilkauffrau;Fachverkäufer für Kraftfahrzeuge/Fachverkäuferin für Kraftfahrzeuge;http://data.europa.eu/esco/occupation/6a163fef-dee8-4583-82b0-13b76d8a27b2;Neufahrzeuge disponieren und den Verkaufsprozess durchführen;2. Ausbildungsjahr;40;Stunden;Neufahrzeuge disponieren und den Verkaufsprozess durchführen;aktives Verkaufen durchführen;http://data.europa.eu/esco/skill/c81c9ea3-4689-4146-9076-24dd175c69bc
Rahmenlehrplan;Automobilkaufmann/Automobilkauffrau;Fachverkäufer für Kraftfahrzeuge/Fachverkäuferin für Kraftfahrzeuge;http://data.europa.eu/esco/occupation/6a163fef-dee8-4583-82b0-13b76d8a27b2;Neufahrzeuge disponieren und den Verkaufsprozess durchführen;2. Ausbildungsjahr;40;Stunden;Neufahrzeuge disponieren und den Verkaufsprozess durchführen;Kaufverträge aushandeln;http://data.europa.eu/esco/skill/71152876-b629-4a99-b9ea-0f25a0d07e4e
Rahmenlehrplan;Automobilkaufmann/Automobilkauffrau;Fachverkäufer für Kraftfahrzeuge/Fachverkäuferin für Kraftfahrzeuge;http://data.europa.eu/esco/occupation/6a163fef-dee8-4583-82b0-13b76d8a27b2;Gebrauchtfahrzeuge disponieren und bereitstellen;1. - 15. Monat;40;Stunden;Gebrauchtfahrzeuge beschaffen und deren Bestand überwachen;Höhe des Lagerbestands überwachen;http://data.europa.eu/esco/skill/44f6a65f-6be7-4818-9a66-73908797283f
Rahmenlehrplan;Automobilkaufmann/Automobilkauffrau;Fachverkäufer für Kraftfahrzeuge/Fachverkäuferin für Kraftfahrzeuge;http://data.europa.eu/esco/occupation/6a163fef-dee8-4583-82b0-13b76d8a27b2;Gebrauchtfahrzeuge disponieren und bereitstellen;1. - 15. Monat;40;Stunden;Gebrauchtfahrzeuge für den Vertrieb bereitstellen;Fahrzeuge für den Verkauf überprüfen;http://data.europa.eu/esco/skill/c43457a0-3958-4ef9-8b33-2f56a06a63ba
Rahmenlehrplan;Automobilkaufmann/Automobilkauffrau;Fachverkäufer für Kraftfahrzeuge/Fachverkäuferin für Kraftfahrzeuge;http://data.europa.eu/esco/occupation/6a163fef-dee8-4583-82b0-13b76d8a27b2;Gebrauchtfahrzeuge disponieren und bereitstellen;1. - 15. Monat;40;Stunden;Gebrauchtfahrzeuge für den Vertrieb bereitstellen;Warenpräsentation organisieren;http://data.europa.eu/esco/skill/77a11321-754a-41de-b9e4-80d747f528db
Rahmenlehrplan;Automobilkaufmann/Automobilkauffrau;Fachverkäufer für Kraftfahrzeuge/Fachverkäuferin für Kraftfahrzeuge;http://data.europa.eu/esco/occupation/6a163fef-dee8-4583-82b0-13b76d8a27b2;Gebrauchtfahrzeuge disponieren und bereitstellen;1. - 15. Monat;40;Stunden;Gebrauchtfahrzeugmarkt analysieren und Zielgruppen definieren;Kunden und Kundinnen Orientierung bei der Produktauswahl bieten;http://data.europa.eu/esco/skill/2b69525c-731c-4813-99a7-673fa5679d32
Rahmenlehrplan;Automobilkaufmann/Automobilkauffrau;Fachverkäufer für Kraftfahrzeuge/Fachverkäuferin für Kraftfahrzeuge;http://data.europa.eu/esco/occupation/6a163fef-dee8-4583-82b0-13b76d8a27b2;Gebrauchtfahrzeuge disponieren und bereitstellen;1. - 15. Monat;40;Stunden;Gebrauchtfahrzeugmarkt analysieren und Zielgruppen definieren;Kundenbedürfnisse feststellen;http://data.europa.eu/esco/skill/68698869-c13c-4563-adc7-118b7644f45d
Rahmenlehrplan;Automobilkaufmann/Automobilkauffrau;Fachverkäufer für Kraftfahrzeuge/Fachverkäuferin für Kraftfahrzeuge;http://data.europa.eu/esco/occupation/6a163fef-dee8-4583-82b0-13b76d8a27b2;Gebrauchtfahrzeuge disponieren und bereitstellen;16. - 36. Monat;40;Stunden;Kaufmännische Gebrauchtfahrzeugbewertung durchführen;Beratung zu Fahrzeugmerkmalen leisten;http://data.europa.eu/esco/skill/9f94d5f4-ac34-406d-940f-c723976dc8f4
Rahmenlehrplan;Automobilkaufmann/Automobilkauffrau;Fachverkäufer für Kraftfahrzeuge/Fachverkäuferin für Kraftfahrzeuge;http://data.europa.eu/esco/occupation/6a163fef-dee8-4583-82b0-13b76d8a27b2;Gebrauchtfahrzeuge disponieren und bereitstellen;16. - 36. Monat;40;Stunden;Kaufmännische Gebrauchtfahrzeugbewertung durchführen;Kaufverträge aushandeln;http://data.europa.eu/esco/skill/71152876-b629-4a99-b9ea-0f25a0d07e4e
Rahmenlehrplan;Automobilkaufmann/Automobilkauffrau;Fachverkäufer für Kraftfahrzeuge/Fachverkäuferin für Kraftfahrzeuge;http://data.europa.eu/esco/occupation/6a163fef-dee8-4583-82b0-13b76d8a27b2;Gebrauchtfahrzeuge disponieren und bereitstellen;16. - 36. Monat;40;Stunden;Präsentation der Gebrauchtfahrzeuge gestalten;Warenpräsentation organisieren;http://data.europa.eu/esco/skill/77a11321-754a-41de-b9e4-80d747f528db
Rahmenlehrplan;Automobilkaufmann/Automobilkauffrau;Fachverkäufer für Kraftfahrzeuge/Fachverkäuferin für Kraftfahrzeuge;http://data.europa.eu/esco/occupation/6a163fef-dee8-4583-82b0-13b76d8a27b2;Gebrauchtfahrzeuge disponieren und bereitstellen;16. - 36. Monat;40;Stunden;Präsentation der Gebrauchtfahrzeuge gestalten;Merkmale von Produkten vorführen;http://data.europa.eu/esco/skill/de7b8c6c-9ed4-4776-924c-4265dd1d9cde
Rahmenlehrplan;Automobilkaufmann/Automobilkauffrau;Fachverkäufer für Kraftfahrzeuge/Fachverkäuferin für Kraftfahrzeuge;http://data.europa.eu/esco/occupation/6a163fef-dee8-4583-82b0-13b76d8a27b2;Gebrauchtfahrzeuge disponieren und bereitstellen;16. - 36. Monat;40;Stunden;Kundenorientierte Kommunikation mit Kaufinteressenten durchführen;Kunden und Kundinnen über Kraftfahrzeuge beraten;http://data.europa.eu/esco/skill/fa01d9a8-34ee-497f-a8ac-27726695a14d
Rahmenlehrplan;Automobilkaufmann/Automobilkauffrau;Fachverkäufer für Kraftfahrzeuge/Fachverkäuferin für Kraftfahrzeuge;http://data.europa.eu/esco/occupation/6a163fef-dee8-4583-82b0-13b76d8a27b2;Gebrauchtfahrzeuge disponieren und bereitstellen;16. - 36. Monat;40;Stunden;Kundenorientierte Kommunikation mit Kaufinteressenten durchführen;verschiedene Kommunikationskanäle verwenden;http://data.europa.eu/esco/skill/415abd43-e8e5-4643-b5da-5f11307af57a
Rahmenlehrplan;Automobilkaufmann/Automobilkauffrau;Fachverkäufer für Kraftfahrzeuge/Fachverkäuferin für Kraftfahrzeuge;http://data.europa.eu/esco/occupation/6a163fef-dee8-4583-82b0-13b76d8a27b2;Gebrauchtfahrzeuge disponieren und bereitstellen;16. - 36. Monat;40;Stunden;Kundenorientierte Kommunikation mit Kaufinteressenten durchführen;Kundenzufriedenheit gewährleisten;http://data.europa.eu/esco/skill/00e53a0a-c0ba-4c9f-a2ed-4706d5832a00
Rahmenlehrplan;Automobilkaufmann/Automobilkauffrau;Fachverkäufer für Kraftfahrzeuge/Fachverkäuferin für Kraftfahrzeuge;http://data.europa.eu/esco/occupation/6a163fef-dee8-4583-82b0-13b76d8a27b2;Gebrauchtfahrzeuge disponieren und bereitstellen;16. - 36. Monat;40;Stunden;Nachkalkulationen von Gebrauchtfahrzeugverkäufen durchführen;Rechenkenntnisse anwenden;http://data.europa.eu/esco/skill/5dd01a1e-7ba0-4b7f-a76c-ed811c12bfde
Rahmenlehrplan;Automobilkaufmann/Automobilkauffrau;Fachverkäufer für Kraftfahrzeuge/Fachverkäuferin für Kraftfahrzeuge;http://data.europa.eu/esco/occupation/6a163fef-dee8-4583-82b0-13b76d8a27b2;Gebrauchtfahrzeuge disponieren und bereitstellen;16. - 36. Monat;40;Stunden;Wirtschaftlichen Erfolg im Gebrauchtfahrzeuggeschäft reflektieren;Einhaltung der rechtlichen Bestimmungen sicherstellen;http://data.europa.eu/esco/skill/1dae8445-12e5-423a-bb26-824010e299b9
Rahmenlehrplan;Automobilkaufmann/Automobilkauffrau;Fachverkäufer für Kraftfahrzeuge/Fachverkäuferin für Kraftfahrzeuge;http://data.europa.eu/esco/occupation/6a163fef-dee8-4583-82b0-13b76d8a27b2;Finanzdienstleistungen anbieten;1. Ausbildungsjahr;80;Stunden;Kundenwünsche ermitteln und den Bedarf an Finanzdienstleistungen analysieren;Kundenbedürfnisse feststellen;http://data.europa.eu/esco/skill/68698869-c13c-4563-adc7-118b7644f45d
Rahmenlehrplan;Automobilkaufmann/Automobilkauffrau;Fachverkäufer für Kraftfahrzeuge/Fachverkäuferin für Kraftfahrzeuge;http://data.europa.eu/esco/occupation/6a163fef-dee8-4583-82b0-13b76d8a27b2;Finanzdienstleistungen anbieten;1. Ausbildungsjahr;80;Stunden;Informationen über verschiedene Finanzierungsmodelle bereitstellen;Kunden und Kundinnen über Finanzierungsmöglichkeiten für Fahrzeuge beraten;http://data.europa.eu/esco/skill/ed6915ee-ef99-4630-ac32-3dfbb6ff64df
Rahmenlehrplan;Automobilkaufmann/Automobilkauffrau;Fachverkäufer für Kraftfahrzeuge/Fachverkäuferin für Kraftfahrzeuge;http://data.europa.eu/esco/occupation/6a163fef-dee8-4583-82b0-13b76d8a27b2;Finanzdienstleistungen anbieten;1. Ausbildungsjahr;80;Stunden;Informationen über verschiedene Finanzierungsmodelle bereitstellen;Kunden und Kundinnen Orientierung bei der Produktauswahl bieten;http://data.europa.eu/esco/skill/2b69525c-731c-4813-99a7-673fa5679d32
Rahmenlehrplan;Automobilkaufmann/Automobilkauffrau;Fachverkäufer für Kraftfahrzeuge/Fachverkäuferin für Kraftfahrzeuge;http://data.europa.eu/esco/occupation/6a163fef-dee8-4583-82b0-13b76d8a27b2;Finanzdienstleistungen anbieten;1. Ausbildungsjahr;80;Stunden;Leasingmodelle erläutern und deren Vertragsbedingungen erklären;Einhaltung der rechtlichen Bestimmungen sicherstellen;http://data.europa.eu/esco/skill/1dae8445-12e5-423a-bb26-824010e299b9
Rahmenlehrplan;Automobilkaufmann/Automobilkauffrau;Fachverkäufer für Kraftfahrzeuge/Fachverkäuferin für Kraftfahrzeuge;http://data.europa.eu/esco/occupation/6a163fef-dee8-4583-82b0-13b76d8a27b2;Finanzdienstleistungen anbieten;1. Ausbildungsjahr;80;Stunden;Versicherungsprodukte und deren Tarifmerkmale vorstellen;Kunden und Kundinnen Orientierung bei der Produktauswahl bieten;http://data.europa.eu/esco/skill/2b69525c-731c-4813-99a7-673fa5679d32
Rahmenlehrplan;Automobilkaufmann/Automobilkauffrau;Fachverkäufer für Kraftfahrzeuge/Fachverkäuferin für Kraftfahrzeuge;http://data.europa.eu/esco/occupation/6a163fef-dee8-4583-82b0-13b76d8a27b2;Finanzdienstleistungen anbieten;2. Ausbildungsjahr;80;Stunden;Angebote für Finanzdienstleistungen erstellen und kalkulieren;Einhaltung der rechtlichen Bestimmungen sicherstellen;http://data.europa.eu/esco/skill/1dae8445-12e5-423a-bb26-824010e299b9
Rahmenlehrplan;Automobilkaufmann/Automobilkauffrau;Fachverkäufer für Kraftfahrzeuge/Fachverkäuferin für Kraftfahrzeuge;http://data.europa.eu/esco/occupation/6a163fef-dee8-4583-82b0-13b76d8a27b2;Finanzdienstleistungen anbieten;2. Ausbildungsjahr;80;Stunden;Kreditfähigkeit und Kreditwürdigkeit von Kunden prüfen;Einhaltung der rechtlichen Bestimmungen sicherstellen;http://data.europa.eu/esco/skill/1dae8445-12e5-423a-bb26-824010e299b9
Rahmenlehrplan;Automobilkaufmann/Automobilkauffrau;Fachverkäufer für Kraftfahrzeuge/Fachverkäuferin für Kraftfahrzeuge;http://data.europa.eu/esco/occupation/6a163fef-dee8-4583-82b0-13b76d8a27b2;Finanzdienstleistungen anbieten;2. Ausbildungsjahr;80;Stunden;Vertragsbestandteile unter Berücksichtigung des Widerrufsrechts erläutern;Einhaltung der rechtlichen Bestimmungen sicherstellen;http://data.europa.eu/esco/skill/1dae8445-12e5-423a-bb26-824010e299b9
Rahmenlehrplan;Automobilkaufmann/Automobilkauffrau;Fachverkäufer für Kraftfahrzeuge/Fachverkäuferin für Kraftfahrzeuge;http://data.europa.eu/esco/occupation/6a163fef-dee8-4583-82b0-13b76d8a27b2;Finanzdienstleistungen anbieten;2. Ausbildungsjahr;80;Stunden;Reaktionen auf Handlungsbedarf während der Vertragslaufzeit initiieren;Einhaltung der rechtlichen Bestimmungen sicherstellen;http://data.europa.eu/esco/skill/1dae8445-12e5-423a-bb26-824010e299b9
Rahmenlehrplan;Automobilkaufmann/Automobilkauffrau;Fachverkäufer für Kraftfahrzeuge/Fachverkäuferin für Kraftfahrzeuge;http://data.europa.eu/esco/occupation/6a163fef-dee8-4583-82b0-13b76d8a27b2;Finanzdienstleistungen anbieten;3. Ausbildungsjahr;80;Stunden;Verträge unterschriftsreif vorbereiten und dokumentieren;Einhaltung der rechtlichen Bestimmungen sicherstellen;http://data.europa.eu/esco/skill/1dae8445-12e5-423a-bb26-824010e299b9
Rahmenlehrplan;Automobilkaufmann/Automobilkauffrau;Fachverkäufer für Kraftfahrzeuge/Fachverkäuferin für Kraftfahrzeuge;http://data.europa.eu/esco/occupation/6a163fef-dee8-4583-82b0-13b76d8a27b2;Finanzdienstleistungen anbieten;3. Ausbildungsjahr;80;Stunden;Laufzeiten der Verträge kontrollieren und Anschlussmaßnahmen einleiten;Einhaltung der rechtlichen Bestimmungen sicherstellen;http://data.europa.eu/esco/skill/1dae8445-12e5-423a-bb26-824010e299b9
Rahmenlehrplan;Automobilkaufmann/Automobilkauffrau;Fachverkäufer für Kraftfahrzeuge/Fachverkäuferin für Kraftfahrzeuge;http://data.europa.eu/esco/occupation/6a163fef-dee8-4583-82b0-13b76d8a27b2;Finanzdienstleistungen anbieten;3. Ausbildungsjahr;80;Stunden;Verbesserungsvorschläge für Abläufe in der Finanzdienstleistung diskutieren;Einhaltung der rechtlichen Bestimmungen sicherstellen;http://data.europa.eu/esco/skill/1dae8445-12e5-423a-bb26-824010e299b9
Rahmenlehrplan;Automobilkaufmann/Automobilkauffrau;Fachverkäufer für Kraftfahrzeuge/Fachverkäuferin für Kraftfahrzeuge;http://data.europa.eu/esco/occupation/6a163fef-dee8-4583-82b0-13b76d8a27b2;Personalwirtschaftliche Aufgaben wahrnehmen;1. Ausbildungsjahr;60;Stunden;Personalverwaltung grundlegende Aufgaben wahrnehmen;Einhaltung der rechtlichen Bestimmungen sicherstellen;http://data.europa.eu/esco/skill/1dae8445-12e5-423a-bb26-824010e299b9
Rahmenlehrplan;Automobilkaufmann/Automobilkauffrau;Fachverkäufer für Kraftfahrzeuge/Fachverkäuferin für Kraftfahrzeuge;http://data.europa.eu/esco/occupation/6a163fef-dee8-4583-82b0-13b76d8a27b2;Personalwirtschaftliche Aufgaben wahrnehmen;1. Ausbildungsjahr;60;Stunden;Personalbestand analysieren und dokumentieren;Einhaltung der rechtlichen Bestimmungen sicherstellen;http://data.europa.eu/esco/skill/1dae8445-12e5-423a-bb26-824010e299b9
Rahmenlehrplan;Automobilkaufmann/Automobilkauffrau;Fachverkäufer für Kraftfahrzeuge/Fachverkäuferin für Kraftfahrzeuge;http://data.europa.eu/esco/occupation/6a163fef-dee8-4583-82b0-13b76d8a27b2;Personalwirtschaftliche Aufgaben wahrnehmen;1. Ausbildungsjahr;60;Stunden;Stellenanzeigen formulieren und veröffentlichen;Einhaltung der rechtlichen Bestimmungen sicherstellen;http://data.europa.eu/esco/skill/1dae8445-12e5-423a-bb26-824010e299b9
Rahmenlehrplan;Automobilkaufmann/Automobilkauffrau;Fachverkäufer für Kraftfahrzeuge/Fachverkäuferin für Kraftfahrzeuge;http://data.europa.eu/esco/occupation/6a163fef-dee8-4583-82b0-13b76d8a27b2;Personalwirtschaftliche Aufgaben wahrnehmen;2. Ausbildungsjahr;60;Stunden;Personalbeschaffungsprozesse unterstützen;Einhaltung der rechtlichen Bestimmungen sicherstellen;http://data.europa.eu/esco/skill/1dae8445-12e5-423a-bb26-824010e299b9
Rahmenlehrplan;Automobilkaufmann/Automobilkauffrau;Fachverkäufer für Kraftfahrzeuge/Fachverkäuferin für Kraftfahrzeuge;http://data.europa.eu/esco/occupation/6a163fef-dee8-4583-82b0-13b76d8a27b2;Personalwirtschaftliche Aufgaben wahrnehmen;2. Ausbildungsjahr;60;Stunden;Einstellungen und Vertragsvorbereitungen durchführen;Einhaltung der rechtlichen Bestimmungen sicherstellen;http://data.europa.eu/esco/skill/1dae8445-12e5-423a-bb26-824010e299b9
Rahmenlehrplan;Automobilkaufmann/Automobilkauffrau;Fachverkäufer für Kraftfahrzeuge/Fachverkäuferin für Kraftfahrzeuge;http://data.europa.eu/esco/occupation/6a163fef-dee8-4583-82b0-13b76d8a27b2;Personalwirtschaftliche Aufgaben wahrnehmen;2. Ausbildungsjahr;60;Stunden;Personalentwicklungskonzepte mitwirken;Einhaltung der rechtlichen Bestimmungen sicherstellen;http://data.europa.eu/esco/skill/1dae8445-12e5-423a-bb26-824010e299b9
Rahmenlehrplan;Automobilkaufmann/Automobilkauffrau;Fachverkäufer für Kraftfahrzeuge/Fachverkäuferin für Kraftfahrzeuge;http://data.europa.eu/esco/occupation/6a163fef-dee8-4583-82b0-13b76d8a27b2;Personalwirtschaftliche Aufgaben wahrnehmen;3. Ausbildungsjahr;60;Stunden;Arbeitsverträge erstellen und erläutern;Einhaltung der rechtlichen Bestimmungen sicherstellen;http://data.europa.eu/esco/skill/1dae8445-12e5-423a-bb26-824010e299b9
Rahmenlehrplan;Automobilkaufmann/Automobilkauffrau;Fachverkäufer für Kraftfahrzeuge/Fachverkäuferin für Kraftfahrzeuge;http://data.europa.eu/esco/occupation/6a163fef-dee8-4583-82b0-13b76d8a27b2;Personalwirtschaftliche Aufgaben wahrnehmen;3. Ausbildungsjahr;60;Stunden;Mitarbeitergespräche führen und dokumentieren;Einhaltung der rechtlichen Bestimmungen sicherstellen;http://data.europa.eu/esco/skill/1dae8445-12e5-423a-bb26-824010e299b9
Rahmenlehrplan;Automobilkaufmann/Automobilkauffrau;Fachverkäufer für Kraftfahrzeuge/Fachverkäuferin für Kraftfahrzeuge;http://data.europa.eu/esco/occupation/6a163fef-dee8-4583-82b0-13b76d8a27b2;Personalwirtschaftliche Aufgaben wahrnehmen;3. Ausbildungsjahr;60;Stunden;Maßnahmen zur Beendigung von Beschäftigungsverhältnissen unterstützen;Einhaltung der rechtlichen Bestimmungen sicherstellen;http://data.europa.eu/esco/skill/1dae8445-12e5-423a-bb26-824010e299b9
Rahmenlehrplan;Automobilkaufmann/Automobilkauffrau;Fachverkäufer für Kraftfahrzeuge/Fachverkäuferin für Kraftfahrzeuge;http://data.europa.eu/esco/occupation/6a163fef-dee8-4583-82b0-13b76d8a27b2;Wertschöpfungsprozesse erfolgsorientiert steuern;1. Ausbildungsjahr;80;Stunden;Grundlagen der Wertschöpfungsprozesse verstehen;Kundenbedürfnisse feststellen;http://data.europa.eu/esco/skill/68698869-c13c-4563-adc7-118b7644f45d
Rahmenlehrplan;Automobilkaufmann/Automobilkauffrau;Fachverkäufer für Kraftfahrzeuge/Fachverkäuferin für Kraftfahrzeuge;http://data.europa.eu/esco/occupation/6a163fef-dee8-4583-82b0-13b76d8a27b2;Wertschöpfungsprozesse erfolgsorientiert steuern;1. Ausbildungsjahr;80;Stunden;Grundlagen der Wertschöpfungsprozesse verstehen;Ladengeschäft sauber halten;http://data.europa.eu/esco/skill/57c1debf-3867-4e64-baf8-ce70d84f88c9
Rahmenlehrplan;Automobilkaufmann/Automobilkauffrau;Fachverkäufer für Kraftfahrzeuge/Fachverkäuferin für Kraftfahrzeuge;http://data.europa.eu/esco/occupation/6a163fef-dee8-4583-82b0-13b76d8a27b2;Wertschöpfungsprozesse erfolgsorientiert steuern;1. Ausbildungsjahr;80;Stunden;Grundlagen der Wertschöpfungsprozesse verstehen;verschiedene Kommunikationskanäle verwenden;http://data.europa.eu/esco/skill/415abd43-e8e5-4643-b5da-5f11307af57a
Rahmenlehrplan;Automobilkaufmann/Automobilkauffrau;Fachverkäufer für Kraftfahrzeuge/Fachverkäuferin für Kraftfahrzeuge;http://data.europa.eu/esco/occupation/6a163fef-dee8-4583-82b0-13b76d8a27b2;Wertschöpfungsprozesse erfolgsorientiert steuern;1. Ausbildungsjahr;80;Stunden;Grundlagen der Wertschöpfungsprozesse verstehen;Produktverständnis;http://data.europa.eu/esco/skill/d6d3fee7-47e2-47f4-a0ec-6c75f28c6abd
Rahmenlehrplan;Automobilkaufmann/Automobilkauffrau;Fachverkäufer für Kraftfahrzeuge/Fachverkäuferin für Kraftfahrzeuge;http://data.europa.eu/esco/occupation/6a163fef-dee8-4583-82b0-13b76d8a27b2;Wertschöpfungsprozesse erfolgsorientiert steuern;1. Ausbildungsjahr;80;Stunden;Kundenbedürfnisse im Kontext der Wertschöpfung analysieren;Kundenbedürfnisse feststellen;http://data.europa.eu/esco/skill/68698869-c13c-4563-adc7-118b7644f45d
Rahmenlehrplan;Automobilkaufmann/Automobilkauffrau;Fachverkäufer für Kraftfahrzeuge/Fachverkäuferin für Kraftfahrzeuge;http://data.europa.eu/esco/occupation/6a163fef-dee8-4583-82b0-13b76d8a27b2;Wertschöpfungsprozesse erfolgsorientiert steuern;1. Ausbildungsjahr;80;Stunden;Kundenbedürfnisse im Kontext der Wertschöpfung analysieren;Kunden und Kundinnen Orientierung bei der Produktauswahl bieten;http://data.europa.eu/esco/skill/2b69525c-731c-4813-99a7-673fa5679d32
Rahmenlehrplan;Automobilkaufmann/Automobilkauffrau;Fachverkäufer für Kraftfahrzeuge/Fachverkäuferin für Kraftfahrzeuge;http://data.europa.eu/esco/occupation/6a163fef-dee8-4583-82b0-13b76d8a27b2;Wertschöpfungsprozesse erfolgsorientiert steuern;1. Ausbildungsjahr;80;Stunden;Einfache Kostenarten und Leistungen im Unternehmen identifizieren;Rechenkenntnisse anwenden;http://data.europa.eu/esco/skill/5dd01a1e-7ba0-4b7f-a76c-ed811c12bfde
Rahmenlehrplan;Automobilkaufmann/Automobilkauffrau;Fachverkäufer für Kraftfahrzeuge/Fachverkäuferin für Kraftfahrzeuge;http://data.europa.eu/esco/occupation/6a163fef-dee8-4583-82b0-13b76d8a27b2;Wertschöpfungsprozesse erfolgsorientiert steuern;1. Ausbildungsjahr;80;Stunden;Betriebsabrechnungsbogen erstellen;Rechenkenntnisse anwenden;http://data.europa.eu/esco/skill/5dd01a1e-7ba0-4b7f-a76c-ed811c12bfde
Rahmenlehrplan;Automobilkaufmann/Automobilkauffrau;Fachverkäufer für Kraftfahrzeuge/Fachverkäuferin für Kraftfahrzeuge;http://data.europa.eu/esco/occupation/6a163fef-dee8-4583-82b0-13b76d8a27b2;Wertschöpfungsprozesse erfolgsorientiert steuern;1. Ausbildungsjahr;80;Stunden;Einfache Preiskalkulationen durchführen;Rechenkenntnisse anwenden;http://data.europa.eu/esco/skill/5dd01a1e-7ba0-4b7f-a76c-ed811c12bfde
Rahmenlehrplan;Automobilkaufmann/Automobilkauffrau;Fachverkäufer für Kraftfahrzeuge/Fachverkäuferin für Kraftfahrzeuge;http://data.europa.eu/esco/occupation/6a163fef-dee8-4583-82b0-13b76d8a27b2;Wertschöpfungsprozesse erfolgsorientiert steuern;2. Ausbildungsjahr;80;Stunden;Komplexe Wertschöpfungsprozesse steuern;Ladengeschäft sauber halten;http://data.europa.eu/esco/skill/57c1debf-3867-4e64-baf8-ce70d84f88c9
Rahmenlehrplan;Automobilkaufmann/Automobilkauffrau;Fachverkäufer für Kraftfahrzeuge/Fachverkäuferin für Kraftfahrzeuge;http://data.europa.eu/esco/occupation/6a163fef-dee8-4583-82b0-13b76d8a27b2;Wertschöpfungsprozesse erfolgsorientiert steuern;2. Ausbildungsjahr;80;Stunden;Komplexe Wertschöpfungsprozesse steuern;verschiedene Kommunikationskanäle verwenden;http://data.europa.eu/esco/skill/415abd43-e8e5-4643-b5da-5f11307af57a
Rahmenlehrplan;Automobilkaufmann/Automobilkauffrau;Fachverkäufer für Kraftfahrzeuge/Fachverkäuferin für Kraftfahrzeuge;http://data.europa.eu/esco/occupation/6a163fef-dee8-4583-82b0-13b76d8a27b2;Wertschöpfungsprozesse erfolgsorientiert steuern;2. Ausbildungsjahr;80;Stunden;Kosten- und Leistungsrechnung im Teilevertrieb anwenden;Rechenkenntnisse anwenden;http://data.europa.eu/esco/skill/5dd01a1e-7ba0-4b7f-a76c-ed811c12bfde
Rahmenlehrplan;Automobilkaufmann/Automobilkauffrau;Fachverkäufer für Kraftfahrzeuge/Fachverkäuferin für Kraftfahrzeuge;http://data.europa.eu/esco/occupation/6a163fef-dee8-4583-82b0-13b76d8a27b2;Wertschöpfungsprozesse erfolgsorientiert steuern;2. Ausbildungsjahr;80;Stunden;Wirtschaftlichkeit im Neu- und Gebrauchtfahrzeugvertrieb beurteilen;Ladengeschäft sauber halten;http://data.europa.eu/esco/skill/57c1debf-3867-4e64-baf8-ce70d84f88c9
Rahmenlehrplan;Automobilkaufmann/Automobilkauffrau;Fachverkäufer für Kraftfahrzeuge/Fachverkäuferin für Kraftfahrzeuge;http://data.europa.eu/esco/occupation/6a163fef-dee8-4583-82b0-13b76d8a27b2;Wertschöpfungsprozesse erfolgsorientiert steuern;2. Ausbildungsjahr;80;Stunden;Kennzahlen zur Erfolgsmessung im Werkstattbereich erstellen;Ladengeschäft sauber halten;http://data.europa.eu/esco/skill/57c1debf-3867-4e64-baf8-ce70d84f88c9
Rahmenlehrplan;Automobilkaufmann/Automobilkauffrau;Fachverkäufer für Kraftfahrzeuge/Fachverkäuferin für Kraftfahrzeuge;http://data.europa.eu/esco/occupation/6a163fef-dee8-4583-82b0-13b76d8a27b2;Wertschöpfungsprozesse erfolgsorientiert steuern;3. Ausbildungsjahr;80;Stunden;Erfolgskennzahlen analysieren und reflektieren;Ladengeschäft sauber halten;http://data.europa.eu/esco/skill/57c1debf-3867-4e64-baf8-ce70d84f88c9
Rahmenlehrplan;Automobilkaufmann/Automobilkauffrau;Fachverkäufer für Kraftfahrzeuge/Fachverkäuferin für Kraftfahrzeuge;http://data.europa.eu/esco/occupation/6a163fef-dee8-4583-82b0-13b76d8a27b2;Wertschöpfungsprozesse erfolgsorientiert steuern;3. Ausbildungsjahr;80;Stunden;Maßnahmen zur Ergebnisverbesserung vorschlagen;Ladengeschäft sauber halten;http://data.europa.eu/esco/skill/57c1debf-3867-4e64-baf8-ce70d84f88c9
Rahmenlehrplan;Automobilkaufmann/Automobilkauffrau;Fachverkäufer für Kraftfahrzeuge/Fachverkäuferin für Kraftfahrzeuge;http://data.europa.eu/esco/occupation/6a163fef-dee8-4583-82b0-13b76d8a27b2;Wertschöpfungsprozesse erfolgsorientiert steuern;3. Ausbildungsjahr;80;Stunden;Maßnahmen zur Ergebnisverbesserung vorschlagen;Kunden und Kundinnen Orientierung bei der Produktauswahl bieten;http://data.europa.eu/esco/skill/2b69525c-731c-4813-99a7-673fa5679d32
Rahmenlehrplan;Automobilkaufmann/Automobilkauffrau;Fachverkäufer für Kraftfahrzeuge/Fachverkäuferin für Kraftfahrzeuge;http://data.europa.eu/esco/occupation/6a163fef-dee8-4583-82b0-13b76d8a27b2;Wertschöpfungsprozesse erfolgsorientiert steuern;3. Ausbildungsjahr;80;Stunden;Wirtschaftliche Einflüsse auf unternehmerische Entscheidungen bewerten;Ladengeschäft sauber halten;http://data.europa.eu/esco/skill/57c1debf-3867-4e64-baf8-ce70d84f88c9
Rahmenlehrplan;Automobilkaufmann/Automobilkauffrau;Fachverkäufer für Kraftfahrzeuge/Fachverkäuferin für Kraftfahrzeuge;http://data.europa.eu/esco/occupation/6a163fef-dee8-4583-82b0-13b76d8a27b2;Wertschöpfungsprozesse erfolgsorientiert steuern;3. Ausbildungsjahr;80;Stunden;Zusammenhänge zwischen Geschäftsfeldern erkennen und nutzen;Ladengeschäft sauber halten;http://data.europa.eu/esco/skill/57c1debf-3867-4e64-baf8-ce70d84f88c9
Rahmenlehrplan;Automobilkaufmann/Automobilkauffrau;Fachverkäufer für Kraftfahrzeuge/Fachverkäuferin für Kraftfahrzeuge;http://data.europa.eu/esco/occupation/6a163fef-dee8-4583-82b0-13b76d8a27b2;Wertschöpfungsprozesse erfolgsorientiert steuern;3. Ausbildungsjahr;80;Stunden;Zusammenhänge zwischen Geschäftsfeldern erkennen und nutzen;Kunden und Kundinnen Orientierung bei der Produktauswahl bieten;http://data.europa.eu/esco/skill/2b69525c-731c-4813-99a7-673fa5679d32
Rahmenlehrplan;Automobilkaufmann/Automobilkauffrau;Fachverkäufer für Kraftfahrzeuge/Fachverkäuferin für Kraftfahrzeuge;http://data.europa.eu/esco/occupation/6a163fef-dee8-4583-82b0-13b76d8a27b2;Wirtschaftliche Einflüsse auf unternehmerische Entscheidungen beurteilen und danach handeln;1. - 15. Monat;80;Stunden;Wirtschaftliche Zusammenhänge im Unternehmen verstehen;Einhaltung der rechtlichen Bestimmungen sicherstellen;http://data.europa.eu/esco/skill/1dae8445-12e5-423a-bb26-824010e299b9
Rahmenlehrplan;Automobilkaufmann/Automobilkauffrau;Fachverkäufer für Kraftfahrzeuge/Fachverkäuferin für Kraftfahrzeuge;http://data.europa.eu/esco/occupation/6a163fef-dee8-4583-82b0-13b76d8a27b2;Wirtschaftliche Einflüsse auf unternehmerische Entscheidungen beurteilen und danach handeln;1. - 15. Monat;80;Stunden;Grundlagen der Marktanalyse anwenden;Ladengeschäft sauber halten;http://data.europa.eu/esco/skill/57c1debf-3867-4e64-baf8-ce70d84f88c9
Rahmenlehrplan;Automobilkaufmann/Automobilkauffrau;Fachverkäufer für Kraftfahrzeuge/Fachverkäuferin für Kraftfahrzeuge;http://data.europa.eu/esco/occupation/6a163fef-dee8-4583-82b0-13b76d8a27b2;Wirtschaftliche Einflüsse auf unternehmerische Entscheidungen beurteilen und danach handeln;16. - 36. Monat;80;Stunden;Einflüsse gesamtwirtschaftlicher Rahmenbedingungen analysieren;Einhaltung der rechtlichen Bestimmungen sicherstellen;http://data.europa.eu/esco/skill/1dae8445-12e5-423a-bb26-824010e299b9
Rahmenlehrplan;Automobilkaufmann/Automobilkauffrau;Fachverkäufer für Kraftfahrzeuge/Fachverkäuferin für Kraftfahrzeuge;http://data.europa.eu/esco/occupation/6a163fef-dee8-4583-82b0-13b76d8a27b2;Wirtschaftliche Einflüsse auf unternehmerische Entscheidungen beurteilen und danach handeln;16. - 36. Monat;80;Stunden;Folgen wirtschaftlicher Entscheidungen beurteilen;Einhaltung der rechtlichen Bestimmungen sicherstellen;http://data.europa.eu/esco/skill/1dae8445-12e5-423a-bb26-824010e299b9
Rahmenlehrplan;Automobilkaufmann/Automobilkauffrau;Fachverkäufer für Kraftfahrzeuge/Fachverkäuferin für Kraftfahrzeuge;http://data.europa.eu/esco/occupation/6a163fef-dee8-4583-82b0-13b76d8a27b2;Wirtschaftliche Einflüsse auf unternehmerische Entscheidungen beurteilen und danach handeln;16. - 36. Monat;80;Stunden;Konsequenzen für das unternehmerische Handeln ableiten;Einhaltung der rechtlichen Bestimmungen sicherstellen;http://data.europa.eu/esco/skill/1dae8445-12e5-423a-bb26-824010e299b9
Rahmenlehrplan;Automobilkaufmann/Automobilkauffrau;Fachverkäufer für Kraftfahrzeuge/Fachverkäuferin für Kraftfahrzeuge;http://data.europa.eu/esco/occupation/6a163fef-dee8-4583-82b0-13b76d8a27b2;Wirtschaftliche Einflüsse auf unternehmerische Entscheidungen beurteilen und danach handeln;16. - 36. Monat;80;Stunden;Strategien zur Verbesserung der Unternehmensposition entwickeln;Einhaltung der rechtlichen Bestimmungen sicherstellen;http://data.europa.eu/esco/skill/1dae8445-12e5-423a-bb26-824010e299b9
Rahmenlehrplan;Automobilkaufmann/Automobilkauffrau;Fachverkäufer für Kraftfahrzeuge/Fachverkäuferin für Kraftfahrzeuge;http://data.europa.eu/esco/occupation/6a163fef-dee8-4583-82b0-13b76d8a27b2;Kommunikationspolitische Maßnahmen gestalten;1. Ausbildungsjahr;60;Stunden;Daten der Marktforschung auswerten;Kundenbedürfnisse feststellen;http://data.europa.eu/esco/skill/68698869-c13c-4563-adc7-118b7644f45d
Rahmenlehrplan;Automobilkaufmann/Automobilkauffrau;Fachverkäufer für Kraftfahrzeuge/Fachverkäuferin für Kraftfahrzeuge;http://data.europa.eu/esco/occupation/6a163fef-dee8-4583-82b0-13b76d8a27b2;Kommunikationspolitische Maßnahmen gestalten;1. Ausbildungsjahr;60;Stunden;Kundenbefragungen entwickeln;Kundenbedürfnisse feststellen;http://data.europa.eu/esco/skill/68698869-c13c-4563-adc7-118b7644f45d
Rahmenlehrplan;Automobilkaufmann/Automobilkauffrau;Fachverkäufer für Kraftfahrzeuge/Fachverkäuferin für Kraftfahrzeuge;http://data.europa.eu/esco/occupation/6a163fef-dee8-4583-82b0-13b76d8a27b2;Kommunikationspolitische Maßnahmen gestalten;1. Ausbildungsjahr;60;Stunden;Kundenbefragungen entwickeln;verschiedene Kommunikationskanäle verwenden;http://data.europa.eu/esco/skill/415abd43-e8e5-4643-b5da-5f11307af57a
Rahmenlehrplan;Automobilkaufmann/Automobilkauffrau;Fachverkäufer für Kraftfahrzeuge/Fachverkäuferin für Kraftfahrzeuge;http://data.europa.eu/esco/occupation/6a163fef-dee8-4583-82b0-13b76d8a27b2;Kommunikationspolitische Maßnahmen gestalten;1. Ausbildungsjahr;60;Stunden;Kundenstruktur analysieren;Kundenbedürfnisse feststellen;http://data.europa.eu/esco/skill/68698869-c13c-4563-adc7-118b7644f45d
Rahmenlehrplan;Automobilkaufmann/Automobilkauffrau;Fachverkäufer für Kraftfahrzeuge/Fachverkäuferin für Kraftfahrzeuge;http://data.europa.eu/esco/occupation/6a163fef-dee8-4583-82b0-13b76d8a27b2;Kommunikationspolitische Maßnahmen gestalten;1. Ausbildungsjahr;60;Stunden;Wettbewerber beobachten;Kunden und Kundinnen Orientierung bei der Produktauswahl bieten;http://data.europa.eu/esco/skill/2b69525c-731c-4813-99a7-673fa5679d32
Rahmenlehrplan;Automobilkaufmann/Automobilkauffrau;Fachverkäufer für Kraftfahrzeuge/Fachverkäuferin für Kraftfahrzeuge;http://data.europa.eu/esco/occupation/6a163fef-dee8-4583-82b0-13b76d8a27b2;Kommunikationspolitische Maßnahmen gestalten;1. Ausbildungsjahr;60;Stunden;Kundenbeziehungsmanagement umsetzen;Kundenzufriedenheit gewährleisten;http://data.europa.eu/esco/skill/00e53a0a-c0ba-4c9f-a2ed-4706d5832a00
Rahmenlehrplan;Automobilkaufmann/Automobilkauffrau;Fachverkäufer für Kraftfahrzeuge/Fachverkäuferin für Kraftfahrzeuge;http://data.europa.eu/esco/occupation/6a163fef-dee8-4583-82b0-13b76d8a27b2;Kommunikationspolitische Maßnahmen gestalten;2. Ausbildungsjahr;60;Stunden;Einsatz von Kommunikationsmaßnahmen planen;Werbemaßnahmen für Fahrzeuge durchführen;http://data.europa.eu/esco/skill/09f07c6a-866b-4587-a771-45b0cd613540
Rahmenlehrplan;Automobilkaufmann/Automobilkauffrau;Fachverkäufer für Kraftfahrzeuge/Fachverkäuferin für Kraftfahrzeuge;http://data.europa.eu/esco/occupation/6a163fef-dee8-4583-82b0-13b76d8a27b2;Kommunikationspolitische Maßnahmen gestalten;2. Ausbildungsjahr;60;Stunden;Werbeplan erstellen;Werbemaßnahmen für Fahrzeuge durchführen;http://data.europa.eu/esco/skill/09f07c6a-866b-4587-a771-45b0cd613540
Rahmenlehrplan;Automobilkaufmann/Automobilkauffrau;Fachverkäufer für Kraftfahrzeuge/Fachverkäuferin für Kraftfahrzeuge;http://data.europa.eu/esco/occupation/6a163fef-dee8-4583-82b0-13b76d8a27b2;Kommunikationspolitische Maßnahmen gestalten;2. Ausbildungsjahr;60;Stunden;Gestaltung von Werbemitteln;Werbemaßnahmen für Fahrzeuge durchführen;http://data.europa.eu/esco/skill/09f07c6a-866b-4587-a771-45b0cd613540
Rahmenlehrplan;Automobilkaufmann/Automobilkauffrau;Fachverkäufer für Kraftfahrzeuge/Fachverkäuferin für Kraftfahrzeuge;http://data.europa.eu/esco/occupation/6a163fef-dee8-4583-82b0-13b76d8a27b2;Kommunikationspolitische Maßnahmen gestalten;2. Ausbildungsjahr;60;Stunden;Rechtliche Rahmenbedingungen der Werbung beachten;Einhaltung der rechtlichen Bestimmungen sicherstellen;http://data.europa.eu/esco/skill/1dae8445-12e5-423a-bb26-824010e299b9
Rahmenlehrplan;Automobilkaufmann/Automobilkauffrau;Fachverkäufer für Kraftfahrzeuge/Fachverkäuferin für Kraftfahrzeuge;http://data.europa.eu/esco/occupation/6a163fef-dee8-4583-82b0-13b76d8a27b2;Kommunikationspolitische Maßnahmen gestalten;3. Ausbildungsjahr;60;Stunden;Präsentation der Arbeitsergebnisse durchführen;Kunden und Kundinnen Orientierung bei der Produktauswahl bieten;http://data.europa.eu/esco/skill/2b69525c-731c-4813-99a7-673fa5679d32
Rahmenlehrplan;Automobilkaufmann/Automobilkauffrau;Fachverkäufer für Kraftfahrzeuge/Fachverkäuferin für Kraftfahrzeuge;http://data.europa.eu/esco/occupation/6a163fef-dee8-4583-82b0-13b76d8a27b2;Kommunikationspolitische Maßnahmen gestalten;3. Ausbildungsjahr;60;Stunden;Bewertung des Werbeerfolgs analysieren;Werbemaßnahmen für Fahrzeuge durchführen;http://data.europa.eu/esco/skill/09f07c6a-866b-4587-a771-45b0cd613540
Rahmenlehrplan;Automobilkaufmann/Automobilkauffrau;Fachverkäufer für Kraftfahrzeuge/Fachverkäuferin für Kraftfahrzeuge;http://data.europa.eu/esco/occupation/6a163fef-dee8-4583-82b0-13b76d8a27b2;Kommunikationspolitische Maßnahmen gestalten;3. Ausbildungsjahr;60;Stunden;Diskussion über alternative Vorgehensweisen führen;Kundenbedürfnisse feststellen;http://data.europa.eu/esco/skill/68698869-c13c-4563-adc7-118b7644f45d
Rahmenlehrplan;Automobilkaufmann/Automobilkauffrau;Fachverkäufer für Kraftfahrzeuge/Fachverkäuferin für Kraftfahrzeuge;http://data.europa.eu/esco/occupation/6a163fef-dee8-4583-82b0-13b76d8a27b2;Kommunikationspolitische Maßnahmen gestalten;3. Ausbildungsjahr;60;Stunden;Diskussion über alternative Vorgehensweisen führen;Kundenzufriedenheit gewährleisten;http://data.europa.eu/esco/skill/00e53a0a-c0ba-4c9f-a2ed-4706d5832a00
Rahmenlehrplan;Automobilkaufmann/Automobilkauffrau;Fachverkäufer für Kraftfahrzeuge/Fachverkäuferin für Kraftfahrzeuge;http://data.europa.eu/esco/occupation/6a163fef-dee8-4583-82b0-13b76d8a27b2;Kommunikationspolitische Maßnahmen gestalten;3. Ausbildungsjahr;60;Stunden;Reflexion der kommunikationspolitischen Maßnahmen im Marketing-Mix;Werbemaßnahmen für Fahrzeuge durchführen;http://data.europa.eu/esco/skill/09f07c6a-866b-4587-a771-45b0cd613540
